zipcode,total_art_gallery,total_atm,total_bakery,total_bar,total_beauty_salon,total_bicycle_store,total_book_store,total_cafe,total_car_dealer,total_car_repair,total_car_wash,total_clothing_store,total_convenience_store,total_department_store,total_drugstore,total_electronics_store,total_finance,total_florist,total_food,total_funeral_home,total_furniture_store,total_gas_station,total_general_contractor,total_grocery_or_supermarket,total_hair_care,total_hardware_store,total_health,total_home_goods_store,total_jewelry_store,total_laundry,total_liquor_store,total_local_government_office,total_locksmith,total_lodging,total_meal_delivery,total_meal_takeaway,total_movie_rental,total_night_club,total_park,total_parking,total_pet_store,total_pharmacy,total_restaurant,total_school,total_shoe_store,total_shopping_mall,total_spa,total_storage,total_store,total_supermarket,total_tourist_attraction,total_travel_agency,total_open_now_False,total_open_now_True,total_open_now_nan,mean_price_level,mean_user_ratings_total,mean_rating
07002,0,0,1,0,0,0,0,1,0,0,0,0,0,0,0,0,0,0,1,0,0,0,0,0,0,0,0,0,0,0,0,0,0,0,0,0,0,0,0,0,0,0,1,0,0,0,0,0,1,0,0,0,0,1,0,1.0,200.0,3.6
07064,0,0,1,0,0,0,0,1,0,0,0,0,0,0,0,0,0,0,1,0,0,0,0,0,0,0,0,0,0,0,0,0,0,0,0,0,0,0,0,0,0,0,1,0,0,0,0,0,1,0,0,0,0,1,0,1.0,154.0,4.1
07077,0,0,0,0,0,0,0,1,0,0,0,0,0,0,0,0,0,0,1,0,0,0,0,0,0,0,0,0,0,0,0,0,0,0,0,0,0,0,0,0,0,0,0,0,0,0,0,0,1,0,0,0,0,1,0,2.0,26.0,3.6
07201,0,0,1,0,0,0,0,3,0,0,0,0,0,0,0,0,0,0,3,0,0,0,0,0,0,0,0,0,0,0,0,0,0,0,0,0,0,0,0,0,0,0,1,0,0,0,0,0,3,0,0,0,0,3,0,1.3333333333333333,495.0,4.233333333333333
07206,0,0,1,0,0,0,0,1,0,0,0,0,0,0,0,0,0,0,1,0,0,0,0,0,0,0,0,0,0,0,0,0,0,0,0,0,0,0,0,0,0,0,1,0,0,0,0,0,1,0,0,0,0,1,0,1.0,450.0,4.1
08861,0,0,3,0,0,0,0,4,0,0,0,0,0,0,0,0,0,0,4,0,0,0,0,0,0,0,0,0,0,0,0,0,0,0,0,0,0,0,0,0,0,0,3,0,0,0,0,0,4,0,0,0,0,4,0,1.0,179.0,4.125
08862,0,0,1,0,0,0,0,1,0,0,0,0,0,0,0,0,0,0,1,0,0,0,0,0,0,0,0,0,0,0,0,0,0,0,0,0,0,0,0,0,0,0,1,0,0,0,0,0,1,0,0,0,0,1,0,1.0,158.0,4.0
08879,0,0,0,0,0,0,0,1,0,0,0,0,0,0,0,0,0,0,1,0,0,0,0,0,0,0,0,0,0,0,0,0,0,0,0,0,0,0,0,0,0,0,0,0,0,0,0,0,1,0,0,0,0,1,0,2.0,437.0,4.1
10001,1,0,3,9,0,0,1,22,0,0,0,12,5,1,1,3,0,0,49,0,2,0,0,1,0,0,2,5,1,0,0,0,0,0,0,1,0,1,0,0,0,0,24,0,1,0,0,0,41,1,0,0,2,60,0,1.9814814814814814,1872.6612903225807,4.1499999999999995
10002,0,0,3,9,0,0,1,24,0,1,0,7,3,2,2,2,0,1,48,0,2,0,0,3,0,0,5,3,0,0,1,0,0,0,0,3,0,1,0,0,0,1,29,0,0,0,0,0,41,2,0,0,8,52,0,1.75,715.0833333333334,4.278333333333335
10003,0,0,2,11,0,0,1,29,0,0,0,5,7,1,5,3,3,1,56,0,2,0,0,2,0,1,7,5,0,0,1,0,1,0,0,0,0,0,0,0,0,0,24,0,1,0,0,0,47,2,0,0,2,63,0,2.076923076923077,740.3230769230769,4.078461538461538
10004,0,0,5,14,0,0,0,17,0,0,0,4,3,0,0,1,1,0,44,0,0,0,0,0,0,1,0,0,1,0,3,0,1,0,1,2,0,0,0,0,0,0,27,0,1,0,0,0,30,0,0,0,7,44,0,2.0,400.2352941176471,3.9823529411764707
10005,0,0,2,5,0,0,0,14,0,0,0,7,3,2,0,2,0,0,37,0,1,0,0,0,0,0,0,1,1,0,2,0,0,0,1,2,0,0,0,0,1,0,21,0,2,0,0,0,30,0,0,0,10,36,4,1.7575757575757576,209.24,3.8260000000000014
10006,0,0,2,7,0,0,0,11,0,0,0,4,1,2,0,2,1,0,30,0,1,0,0,0,0,0,0,3,0,0,1,0,0,0,1,4,0,0,0,0,1,0,22,0,1,0,0,0,26,0,0,0,3,37,5,1.9310344827586208,336.6,3.9488888888888907
10007,0,0,4,8,0,0,0,20,0,0,0,6,4,3,0,3,0,0,44,0,3,0,0,2,0,0,0,4,0,0,2,0,0,0,1,3,0,1,0,0,0,0,24,0,1,0,0,0,38,0,0,0,5,50,1,1.9591836734693877,734.3392857142857,4.114285714285715
10009,0,0,2,9,0,1,0,12,0,0,0,4,2,0,1,1,1,0,37,0,1,0,0,2,0,4,2,3,0,0,4,0,1,0,1,1,0,1,0,0,0,0,25,0,0,0,0,0,31,1,0,0,3,47,0,2.074074074074074,158.32,4.379999999999999
10010,0,0,1,9,0,0,0,16,0,1,0,2,9,0,5,1,2,0,45,0,2,0,0,1,0,2,5,5,0,0,3,0,0,0,0,0,0,2,0,0,0,1,21,0,0,0,0,0,34,0,0,0,3,50,0,2.024390243902439,517.1320754716982,4.045283018867925
10011,0,0,2,6,0,0,0,17,0,0,0,5,11,1,9,2,0,0,49,0,3,0,0,0,0,0,9,5,0,0,2,0,0,0,1,0,0,1,0,0,0,2,22,0,1,0,0,0,37,0,0,0,2,55,0,2.2222222222222223,549.0175438596491,4.089473684210526
10012,0,1,3,7,0,1,1,19,0,0,0,8,4,1,3,1,2,1,47,0,0,0,0,1,0,0,3,1,0,0,2,0,0,0,1,1,0,1,0,0,0,1,26,0,3,1,0,0,39,1,0,0,0,59,0,2.13953488372093,570.6271186440678,4.2271186440677955
10013,1,0,3,5,0,0,0,21,0,0,0,9,3,1,1,1,0,0,48,0,0,0,0,1,0,2,4,3,1,0,0,0,0,0,2,0,0,0,0,0,0,2,26,0,1,0,0,0,41,1,0,0,9,54,1,2.148936170212766,327.5,4.221875
10014,0,0,2,13,0,0,1,19,0,0,0,10,2,0,2,2,0,0,41,0,1,0,0,1,0,0,2,2,0,0,1,0,0,0,1,0,0,0,0,0,0,0,25,0,4,0,0,0,39,1,0,0,3,55,0,2.1702127659574466,458.86206896551727,4.367241379310345
10016,0,0,1,14,0,0,0,21,0,0,0,6,5,0,1,0,2,1,51,0,1,0,0,4,0,0,2,1,0,0,3,0,0,0,1,1,0,0,0,0,1,0,22,0,0,0,0,0,39,3,0,0,1,58,0,2.022727272727273,381.33898305084745,4.179661016949152
10017,0,0,2,9,0,0,0,20,0,0,0,5,7,0,5,6,1,0,49,0,1,0,0,0,0,1,5,3,0,0,2,0,0,0,0,0,0,0,0,0,0,1,22,0,0,0,0,0,40,0,0,0,2,57,1,2.297872340425532,599.3166666666667,4.066666666666666
10018,0,0,6,8,0,0,1,20,0,0,0,6,8,1,1,3,3,0,48,0,3,0,0,0,0,1,1,4,1,0,1,0,1,1,0,0,0,0,0,0,0,0,27,0,0,0,0,0,38,0,0,0,4,55,0,1.891304347826087,603.6949152542373,4.049152542372882
10019,0,1,2,9,0,0,0,20,0,0,0,10,9,0,1,1,1,0,55,0,1,0,0,3,0,0,2,2,0,0,0,0,0,0,1,0,0,1,0,0,0,0,24,0,0,0,0,0,38,3,0,0,0,60,1,2.04,516.9508196721312,4.077049180327869
10021,0,0,2,11,0,0,0,17,0,0,0,4,5,1,3,1,0,0,49,0,0,0,0,0,0,1,3,1,0,0,4,0,0,0,2,1,0,0,0,0,0,1,30,0,0,0,0,0,35,0,0,0,2,57,1,2.111111111111111,229.21666666666667,4.235000000000001
10022,0,0,3,10,0,0,0,20,0,0,0,9,8,4,2,3,0,0,52,0,3,0,0,0,0,1,2,4,2,0,0,0,0,0,2,0,0,0,0,0,0,0,27,0,2,0,0,0,40,0,0,0,1,63,0,2.2115384615384617,565.546875,4.035937500000002
10023,0,0,5,11,0,0,0,20,0,0,0,4,4,1,1,3,0,1,54,0,1,0,1,1,0,2,3,3,0,0,4,0,0,0,3,2,0,0,0,0,0,1,34,0,0,0,0,0,40,1,0,0,3,62,1,1.981818181818182,405.2121212121212,4.25909090909091
10024,0,0,5,13,0,1,1,18,0,0,0,6,5,0,2,1,0,1,45,0,1,0,0,0,0,1,3,3,0,0,2,0,0,0,1,1,0,0,0,0,0,0,27,0,0,0,0,0,35,0,0,0,4,53,0,2.0,408.1578947368421,4.110526315789474
10025,0,0,6,7,0,0,0,19,0,0,0,5,8,0,3,0,0,0,51,0,2,0,0,2,0,1,6,2,0,0,3,0,0,0,4,1,0,0,0,0,0,1,26,0,0,0,0,0,39,1,0,0,2,57,0,1.7826086956521738,258.3220338983051,4.052542372881357
10026,0,0,4,9,0,1,1,12,0,0,0,4,2,0,2,2,1,0,36,0,0,0,0,2,0,3,2,1,0,0,2,0,0,0,3,0,0,1,0,0,0,0,23,0,0,0,0,0,29,1,0,0,5,45,1,1.9,326.94117647058823,4.105882352941177
10027,0,0,2,8,0,0,1,15,0,1,0,4,4,2,3,3,1,0,41,0,5,0,0,2,1,0,4,6,2,0,0,0,0,0,3,4,0,0,0,0,0,0,26,0,1,1,0,0,31,1,0,0,3,52,0,1.775,640.3454545454546,4.130909090909091
10028,0,0,3,7,1,0,0,15,0,1,0,5,7,1,3,3,0,0,41,0,3,0,1,0,1,0,4,6,0,0,1,0,0,0,4,3,0,0,0,0,0,1,23,0,0,0,0,0,34,0,0,0,2,50,1,1.8611111111111112,355.07547169811323,4.1660377358490575
10029,0,0,7,10,0,0,0,14,0,0,0,4,7,0,2,2,1,2,42,0,0,0,0,0,0,1,4,1,1,0,2,0,0,0,8,3,0,0,0,0,0,2,27,0,1,0,0,0,34,0,0,0,2,51,0,1.7058823529411764,212.03773584905662,4.152830188679245
10030,0,0,2,1,0,0,0,7,0,0,0,1,3,0,0,0,0,0,38,0,0,0,0,5,0,1,2,1,0,0,4,0,0,0,5,2,0,0,0,0,0,1,24,0,0,0,0,0,27,1,0,0,3,36,8,1.5,209.40425531914894,3.7829787234042556
10031,0,0,3,6,0,0,0,12,0,0,0,2,3,1,2,1,0,2,40,0,0,0,0,4,0,1,3,0,0,0,2,0,0,0,8,0,0,1,0,0,1,0,27,0,1,0,0,0,31,3,0,0,4,46,1,1.6551724137931034,251.23529411764707,4.209803921568628
10032,0,1,4,4,0,0,1,13,0,0,0,0,2,0,2,2,1,0,38,0,0,0,0,4,0,3,2,1,0,0,3,0,0,0,9,2,0,0,0,0,0,0,26,0,0,0,0,0,31,2,0,0,3,47,1,1.53125,190.2549019607843,4.04705882352941
10033,0,0,6,10,0,0,0,15,0,0,0,3,2,1,2,3,3,1,41,0,2,0,0,4,0,4,2,4,1,0,2,0,0,0,8,1,0,2,0,0,0,0,29,0,1,0,0,0,33,2,0,0,5,50,0,1.5142857142857142,355.6,4.156363636363637
10034,0,0,3,6,0,0,0,15,0,0,0,2,2,0,1,1,3,0,35,0,2,0,0,3,0,0,2,2,1,0,4,0,0,0,7,0,0,1,0,0,0,0,24,0,0,0,0,0,28,2,0,0,2,45,2,1.6666666666666667,276.48979591836735,4.228571428571429
10035,0,0,6,4,0,0,0,11,0,0,0,6,2,4,1,2,2,1,37,0,3,0,0,2,0,0,1,7,1,0,1,0,0,0,6,0,0,0,0,0,0,0,25,0,1,0,0,0,31,0,0,0,9,41,1,1.4166666666666667,273.05882352941177,4.023529411764707
10036,0,0,4,14,0,0,0,22,0,0,0,10,3,0,2,3,0,0,44,0,1,0,0,0,0,0,2,3,2,0,0,0,0,0,0,1,0,2,0,0,0,0,20,0,2,0,0,0,42,0,1,0,1,59,0,2.04,1453.5166666666667,4.2250000000000005
10037,0,0,1,0,0,0,1,2,0,0,0,3,1,0,0,1,0,0,25,0,1,0,0,6,0,1,0,1,0,0,3,0,0,0,6,2,0,0,0,0,0,0,16,0,1,0,0,0,21,0,0,0,2,28,6,1.25,78.19444444444444,3.6611111111111105
10038,0,0,5,11,0,0,0,16,0,0,0,5,5,0,2,3,0,0,45,0,0,0,0,1,0,1,2,2,0,0,2,0,0,0,0,0,0,0,0,0,0,1,28,0,3,0,0,0,37,1,0,0,7,50,0,1.853658536585366,308.0877192982456,4.175438596491228
10039,0,1,1,1,0,0,0,3,0,0,0,2,2,0,0,2,1,1,31,0,0,0,0,6,0,1,2,0,0,0,2,0,0,0,8,2,0,0,0,0,0,1,20,0,0,0,0,0,23,1,0,0,1,36,5,1.5,133.1904761904762,3.9761904761904767
10040,0,0,3,6,0,0,0,6,0,0,0,2,2,0,1,3,0,1,31,0,3,0,0,3,0,1,1,6,0,0,2,0,0,0,8,2,0,1,0,0,0,0,22,0,1,0,0,0,26,0,0,0,1,40,3,1.48,169.9318181818182,3.8840909090909097
10044,0,0,0,0,0,0,0,1,0,0,0,2,1,0,0,0,0,0,10,0,0,0,0,0,0,0,1,0,0,0,0,0,0,0,2,1,0,0,0,0,0,1,8,0,0,0,0,0,4,0,0,0,0,12,0,1.6666666666666667,125.91666666666667,4.2
10065,0,0,3,9,0,0,1,15,0,0,0,6,6,1,1,0,2,0,47,0,1,0,1,1,0,1,1,3,1,0,2,0,0,0,2,0,0,1,0,0,1,0,28,0,1,1,0,0,35,0,0,0,4,54,0,2.1956521739130435,252.81034482758622,4.1000000000000005
10069,0,0,0,0,0,0,0,1,0,0,0,3,0,0,0,0,0,0,2,0,0,0,0,0,0,0,0,1,0,0,1,0,0,0,0,0,0,0,0,0,0,0,0,0,0,0,0,0,7,0,0,0,1,3,3,2.0,13.857142857142858,1.9428571428571428
10075,0,0,6,8,0,1,1,10,0,0,0,6,5,0,1,0,0,0,42,0,1,0,1,2,0,0,2,1,0,0,3,0,0,0,8,0,0,0,0,0,0,1,31,0,0,0,0,0,26,0,0,0,2,48,2,2.0294117647058822,190.67307692307693,4.128846153846154
10080,0,0,0,1,0,0,0,0,0,0,0,0,0,0,0,0,0,0,1,0,0,0,0,0,0,0,0,0,0,0,0,0,0,0,0,0,0,0,0,0,0,0,1,0,0,0,0,0,0,0,0,0,0,1,0,2.0,606.0,3.9
10110,0,0,0,0,0,0,0,1,0,0,0,0,0,0,0,0,0,0,1,0,0,0,0,0,0,0,0,0,0,0,0,0,0,0,0,0,0,0,0,0,0,0,0,0,0,0,0,0,1,0,0,0,0,0,1,,0.0,0.0
10118,0,0,0,0,0,0,0,0,0,0,0,1,1,0,1,0,0,0,1,0,0,0,0,0,0,0,1,0,0,0,0,0,0,0,0,0,0,0,0,0,0,0,0,0,0,0,0,0,1,0,0,0,0,1,0,2.0,54.0,3.6
10128,0,0,3,7,0,1,0,12,0,0,0,7,5,0,3,0,1,0,40,0,2,0,0,2,0,3,4,4,0,0,2,0,0,0,3,1,0,1,0,0,0,1,22,0,0,0,0,0,33,2,0,0,5,46,1,2.051282051282051,212.48076923076923,4.192307692307694
10162,0,0,0,0,0,0,0,0,0,0,0,0,0,0,0,0,0,0,0,0,0,0,0,0,0,0,0,0,0,0,0,0,0,0,0,0,0,0,0,0,0,0,0,0,0,0,0,0,1,0,0,0,0,0,1,,0.0,0.0
10202,0,0,1,0,0,0,0,1,0,0,0,0,0,0,0,0,0,0,1,0,0,0,0,0,0,0,0,0,0,0,0,0,0,0,0,0,0,0,0,0,0,0,1,0,0,0,0,0,1,0,0,0,0,1,0,1.0,403.0,3.9
10204,0,0,0,0,0,0,0,0,0,0,0,0,1,0,1,0,0,0,1,0,0,0,0,0,0,0,1,0,0,0,0,0,0,0,0,0,0,0,0,0,0,0,0,0,0,0,0,0,1,0,0,0,0,1,0,,58.0,3.1
10206,0,0,0,0,0,0,0,0,0,0,0,0,0,0,0,0,0,0,1,0,0,0,0,0,0,0,0,0,0,0,0,0,0,0,0,1,0,0,0,0,0,0,1,0,0,0,0,0,0,0,0,0,0,1,0,1.0,76.0,3.9
10211,0,0,0,0,0,0,0,0,0,0,0,0,0,0,0,0,0,0,1,0,0,0,0,0,0,0,0,0,0,0,0,0,0,0,1,1,0,0,0,0,0,0,1,0,0,0,0,0,0,0,0,0,0,1,0,1.0,93.0,4.3
10215,0,0,0,0,0,0,0,0,0,0,0,0,0,0,0,0,0,0,0,0,0,0,0,0,0,1,0,0,0,0,0,0,0,0,0,0,0,0,0,0,0,0,0,0,0,0,0,0,1,0,0,0,0,1,0,,5.0,4.6
10221,0,0,0,0,0,0,0,0,0,0,0,0,0,0,0,0,0,0,0,0,0,0,0,0,0,1,0,0,0,0,0,0,0,0,0,0,0,0,0,0,0,0,0,0,0,0,0,0,1,0,0,0,1,0,0,,0.0,0.0
10227,0,0,1,0,0,0,0,1,0,0,0,0,0,0,0,0,0,0,1,0,0,0,0,0,0,0,0,0,0,0,0,0,0,0,0,0,0,0,0,0,0,0,1,0,0,0,0,0,1,0,0,0,0,1,0,1.0,144.0,3.9
10280,0,1,1,2,0,1,0,2,0,0,0,2,0,0,0,1,1,0,17,0,0,0,0,4,0,0,2,2,0,0,1,0,0,0,0,1,0,1,0,0,1,0,11,0,0,0,0,0,20,1,0,0,3,18,8,1.8333333333333333,121.3103448275862,2.6931034482758625
10281,0,0,0,2,0,0,0,1,0,0,0,0,1,0,1,0,0,0,8,0,0,0,0,0,0,0,1,0,0,0,0,0,0,0,0,0,0,0,0,0,0,0,6,0,0,0,0,0,2,0,0,0,0,8,0,2.125,549.25,4.175
10282,0,0,2,3,0,0,0,2,0,0,0,2,1,0,0,1,0,0,13,0,0,0,0,2,0,0,2,3,0,0,1,0,0,0,0,0,0,0,0,0,0,1,9,0,0,0,0,0,15,0,0,0,4,14,2,2.1538461538461537,315.25,3.2349999999999994
10301,0,0,4,7,0,0,1,10,0,2,0,2,7,0,2,0,0,0,40,0,2,0,0,6,0,1,2,3,0,0,2,0,0,0,3,2,0,1,0,0,0,0,25,0,1,0,0,0,27,1,0,0,3,45,0,1.5833333333333333,175.95833333333334,4.2124999999999995
10302,0,0,2,3,0,0,0,3,0,1,0,5,4,2,1,1,0,0,29,0,2,1,0,2,0,0,3,2,2,0,2,0,0,0,5,4,0,0,0,0,0,1,23,0,0,0,0,0,23,0,0,0,1,40,2,1.5714285714285714,214.34883720930233,4.137209302325582
10303,0,0,3,3,0,0,0,7,0,3,0,0,3,2,1,0,0,0,32,0,2,0,1,4,0,2,1,3,0,0,1,0,0,0,4,0,0,0,0,0,0,0,22,0,0,0,0,0,29,1,0,0,2,40,3,1.28,254.62222222222223,3.9888888888888894
10304,0,1,3,4,0,0,0,8,0,0,0,2,2,1,0,0,1,0,35,0,0,0,0,7,0,2,0,2,1,0,6,0,0,0,7,2,0,1,0,0,0,0,23,0,1,0,0,0,27,2,0,0,4,43,0,1.75,171.7659574468085,4.314893617021277
10305,0,0,6,7,0,1,0,6,0,0,0,3,5,1,4,1,0,1,37,0,2,0,0,5,0,0,4,2,0,0,3,0,0,0,6,1,0,0,0,0,0,0,25,0,0,1,0,0,25,2,0,0,4,41,0,1.8518518518518519,178.0888888888889,4.202222222222224
10306,0,0,5,3,0,0,0,9,0,2,0,3,3,2,1,0,1,0,34,0,1,0,0,1,0,0,1,2,1,0,0,0,0,0,3,1,0,0,0,0,0,0,25,0,0,0,0,0,20,0,0,0,3,38,0,1.78125,255.1219512195122,4.165853658536586
10307,1,0,1,1,0,1,0,3,0,0,0,7,3,0,2,0,0,1,26,0,1,0,1,2,0,0,3,3,1,0,1,0,0,0,6,1,0,0,0,0,0,1,18,0,0,0,0,0,23,0,0,0,7,31,1,1.8,93.28205128205128,4.138461538461539
10308,0,0,4,6,0,1,0,5,0,1,0,3,4,0,2,0,0,0,31,0,0,0,0,1,0,1,2,0,0,0,2,0,0,0,5,1,0,0,0,0,0,0,24,0,1,0,0,0,23,0,0,0,7,36,0,1.7777777777777777,164.02325581395348,4.258139534883719
10309,0,0,8,4,0,0,0,9,0,1,0,5,3,3,2,1,0,1,36,0,4,0,1,5,0,2,2,8,1,0,1,0,0,0,2,1,0,2,0,0,0,1,24,0,1,1,0,0,30,1,0,0,1,45,1,1.5483870967741935,220.5531914893617,4.131914893617021
10310,0,1,2,2,0,0,0,6,0,2,0,4,3,0,2,0,1,0,34,0,1,0,0,4,0,0,3,1,0,0,1,0,0,0,7,0,0,0,0,0,0,1,24,0,0,0,0,0,24,1,0,0,4,37,3,1.625,180.86363636363637,3.972727272727272
10312,0,0,5,4,0,0,0,9,0,2,1,1,4,0,4,0,1,0,32,0,1,0,1,4,0,0,4,2,0,0,2,0,0,0,5,1,0,0,0,0,0,0,20,0,0,0,0,0,21,1,0,0,2,36,0,1.7272727272727273,204.42105263157896,4.036842105263158
10313,0,0,0,0,0,0,0,0,0,0,0,0,0,0,0,0,0,0,1,0,0,0,0,0,0,0,0,0,0,0,0,0,0,0,0,0,0,0,0,0,0,0,0,0,0,0,0,0,1,0,0,0,1,0,0,,15.0,4.9
10314,0,0,11,5,0,1,0,17,0,1,0,8,5,3,5,6,1,1,48,0,4,0,0,5,0,0,8,5,3,0,0,0,0,0,6,2,0,0,0,0,0,1,33,0,3,1,0,0,38,1,0,0,0,60,0,1.8,531.0166666666667,4.105
10320,0,0,0,0,0,0,0,0,0,0,0,0,0,0,0,0,0,0,0,0,0,0,0,0,0,0,0,0,0,0,0,0,0,0,0,0,0,0,0,0,0,0,0,0,0,0,0,0,1,0,0,0,0,0,1,,0.0,0.0
10406,0,0,0,0,0,0,0,0,0,0,0,0,0,0,0,0,0,0,1,0,0,0,0,0,0,0,0,0,0,0,0,0,0,0,0,0,0,0,0,0,0,0,1,0,0,0,0,0,0,0,0,0,0,1,0,1.0,70.0,4.4
10420,0,0,0,0,0,0,0,0,0,0,0,0,0,0,0,0,0,0,1,0,0,0,0,0,0,0,0,0,0,0,0,0,0,0,0,0,0,0,0,0,0,0,1,0,0,0,0,0,0,0,0,0,0,1,0,1.0,124.0,3.9
10425,0,0,0,0,0,0,0,0,0,0,0,1,1,0,1,0,0,0,1,0,0,0,0,0,0,0,1,0,0,0,0,0,0,0,0,0,0,0,0,0,0,0,0,0,0,0,0,0,1,0,0,0,0,1,0,2.0,48.0,2.9
10451,0,0,8,6,0,0,0,15,0,0,0,4,5,3,4,1,0,0,44,0,5,0,1,5,0,1,4,7,0,0,0,0,0,0,6,0,0,2,0,0,0,0,31,0,0,0,0,0,33,0,0,0,2,49,2,1.4166666666666667,384.0188679245283,3.930188679245282
10452,0,0,2,3,0,0,0,7,0,1,0,3,3,0,3,3,0,0,35,0,2,0,0,3,0,0,3,3,0,0,3,0,0,0,10,1,0,0,0,0,0,1,28,0,0,0,0,0,27,1,0,0,1,45,3,1.3636363636363635,156.83673469387756,3.7530612244897967
10453,0,0,2,1,0,0,0,5,0,1,0,0,1,0,1,1,1,0,34,0,1,0,0,9,0,3,1,1,1,0,1,0,0,0,7,0,0,1,0,0,0,0,23,0,0,0,0,0,24,3,0,0,2,41,1,1.2777777777777777,162.1590909090909,3.886363636363637
10454,0,0,4,4,0,0,1,8,0,0,0,2,2,0,2,0,1,0,32,0,2,0,0,3,0,2,2,6,0,0,1,0,0,0,5,0,0,1,0,0,0,1,25,0,1,0,0,0,28,0,0,0,6,37,5,1.434782608695652,195.33333333333334,4.191666666666666
10455,0,1,5,1,0,0,0,10,0,0,0,4,1,2,1,4,2,0,35,0,5,0,0,2,0,2,3,6,1,0,0,0,1,0,14,3,0,0,0,0,0,1,31,0,0,0,0,0,32,1,0,0,4,47,2,1.4193548387096775,195.8679245283019,3.9792452830188676
10456,0,0,1,0,0,0,0,5,0,0,0,1,2,0,0,0,0,0,37,0,1,0,0,10,0,0,0,1,1,0,3,0,0,0,6,0,0,0,0,0,0,0,25,0,0,0,0,0,25,5,0,0,1,39,5,1.2,136.82222222222222,4.084444444444445
10457,0,0,3,2,0,0,0,8,0,0,0,3,3,0,3,1,0,1,34,0,1,0,0,3,0,0,4,1,0,0,3,0,0,0,5,0,0,0,0,0,1,1,26,0,0,0,1,1,28,1,0,0,4,41,3,1.2380952380952381,214.22916666666666,3.872916666666667
10458,0,1,6,2,0,0,0,16,0,1,0,5,3,0,2,3,1,0,42,0,2,0,0,2,0,0,2,6,1,0,1,0,0,0,11,1,0,0,0,0,0,0,27,0,0,0,0,0,36,1,0,0,8,46,2,1.5833333333333333,369.5,4.103571428571427
10459,0,0,4,0,0,0,0,6,0,0,0,3,3,1,3,1,1,1,34,0,2,0,0,5,0,1,3,2,1,0,1,0,0,0,13,1,0,0,0,0,0,0,23,0,2,0,0,0,25,1,0,0,5,38,2,1.3181818181818181,107.91111111111111,3.9955555555555575
10460,0,0,3,2,0,0,0,9,0,1,0,5,0,1,0,0,0,0,34,0,1,0,0,6,0,2,0,2,1,0,2,0,0,0,9,1,0,1,0,0,0,0,25,0,3,0,0,0,29,1,0,0,3,38,7,1.105263157894737,232.22916666666666,3.9250000000000007
10461,0,0,13,2,0,0,0,19,0,1,0,4,7,0,6,1,0,1,49,0,1,0,1,2,0,1,6,4,0,0,1,0,0,0,9,0,0,0,0,0,1,0,34,0,0,0,0,0,39,0,0,0,4,54,1,1.6341463414634145,312.0508474576271,4.013559322033899
10462,0,0,5,3,0,0,0,12,0,0,0,4,5,2,4,2,1,0,39,0,4,0,0,1,0,2,5,4,2,0,1,0,0,0,13,2,0,0,0,0,0,1,29,0,2,0,0,0,31,1,0,0,4,47,1,1.5,461.7307692307692,3.953846153846155
10463,0,0,5,9,0,0,0,14,0,0,0,4,5,2,5,2,0,0,42,0,5,0,0,4,0,3,5,6,1,0,0,0,0,0,11,2,0,0,0,0,0,1,28,0,0,1,0,1,32,1,0,0,3,49,1,1.697674418604651,404.811320754717,4.069811320754717
10464,0,0,2,8,0,0,0,2,0,0,0,0,1,0,0,0,0,0,26,0,1,0,0,1,0,1,0,3,0,0,1,0,0,0,1,1,0,0,0,0,0,0,21,0,0,0,0,0,19,0,0,0,9,29,2,1.8,782.4,4.222499999999998
10465,0,0,3,4,0,1,0,9,0,0,0,3,3,1,2,0,0,1,35,0,1,0,0,2,0,1,5,2,2,0,2,0,0,0,11,2,0,0,0,0,1,3,26,0,1,0,0,0,27,1,0,0,4,43,1,1.5,268.5416666666667,4.106249999999998
10466,0,0,4,2,0,0,0,4,0,0,0,1,4,0,4,1,0,1,34,0,2,0,0,3,0,1,5,2,0,0,1,0,0,0,8,0,0,1,0,0,0,2,24,0,0,0,0,0,25,1,0,0,2,42,1,1.380952380952381,164.66666666666666,3.744444444444443
10467,0,1,7,1,0,0,1,14,0,0,0,1,5,0,3,4,5,2,39,0,1,0,0,1,0,1,3,2,2,0,4,0,0,0,15,1,0,0,0,0,2,0,32,0,0,0,0,0,32,1,0,0,3,50,1,1.2333333333333334,232.96296296296296,4.081481481481482
10468,0,1,7,1,0,0,0,7,0,1,0,3,3,1,1,2,1,0,37,0,3,0,0,6,0,0,3,5,0,0,0,0,0,0,11,1,0,0,0,0,1,2,25,0,0,0,0,0,26,3,0,0,3,41,2,1.4230769230769231,328.3695652173913,4.000000000000001
10469,0,0,5,0,0,0,0,6,0,1,0,2,4,0,4,0,0,2,35,0,1,0,1,3,1,2,5,4,0,0,3,0,0,0,8,0,0,0,0,0,0,1,25,0,0,1,0,0,25,2,0,0,2,40,3,1.4137931034482758,256.26666666666665,4.22
10470,0,0,3,4,0,0,0,3,0,1,0,2,2,0,1,1,0,0,23,1,0,0,0,2,0,1,1,1,0,0,2,0,0,0,9,3,0,1,0,0,0,0,18,0,0,0,0,0,23,1,0,0,5,31,2,1.2857142857142858,97.76315789473684,3.7000000000000006
10471,0,1,4,7,0,0,0,7,0,0,0,0,1,0,0,1,1,0,35,0,2,0,0,7,0,0,0,2,0,0,3,0,0,0,9,1,0,1,0,0,0,0,22,0,0,0,0,0,24,3,0,0,7,35,2,1.565217391304348,128.5,4.08409090909091
10472,0,0,4,4,0,0,0,6,0,0,0,3,4,0,3,0,1,0,32,0,1,0,0,3,0,2,3,1,0,0,4,0,0,0,9,0,0,0,0,0,0,0,25,0,1,0,0,0,25,2,0,0,3,41,1,1.4615384615384615,255.55555555555554,3.9533333333333336
10473,0,0,2,1,0,0,0,4,0,2,0,4,3,2,3,0,0,0,31,0,0,0,0,4,0,1,4,1,0,0,3,0,0,0,5,2,0,0,0,0,0,2,22,0,1,0,0,0,24,0,0,0,1,39,3,1.2272727272727273,261.69767441860466,3.913953488372094
10474,0,0,1,2,0,0,0,6,1,2,0,1,0,1,0,0,0,0,30,0,0,0,0,6,0,2,0,1,0,0,1,0,0,0,9,1,0,0,0,0,0,0,20,0,0,0,0,0,26,1,0,0,13,21,7,1.0,108.34146341463415,3.8926829268292673
10475,0,0,5,3,0,0,0,8,0,1,0,5,2,2,2,2,1,0,32,0,7,0,0,3,0,0,2,8,3,0,0,0,0,0,4,3,0,1,0,0,0,1,26,0,5,0,0,0,28,0,0,0,2,45,0,1.55,621.6808510638298,3.94468085106383
10504,0,0,0,0,0,0,0,0,0,0,0,0,1,0,0,0,0,0,1,0,0,0,0,0,0,0,0,0,0,0,0,0,0,0,0,0,0,0,0,0,0,0,0,0,0,0,0,0,1,0,0,0,0,1,0,1.0,42.0,3.7
10513,0,0,0,0,0,0,0,0,0,0,0,0,1,0,0,0,0,0,1,0,0,0,0,0,0,0,0,0,0,0,0,0,0,0,0,0,0,0,0,0,0,0,0,0,0,0,0,0,1,0,0,0,0,1,0,,7.0,4.4
10519,0,0,0,0,0,0,0,0,0,0,0,0,0,0,0,0,0,0,0,0,0,0,0,0,0,0,0,0,0,0,0,0,0,0,0,0,0,0,0,0,0,0,0,0,0,0,0,0,1,0,0,0,0,0,1,,0.0,0.0
10526,0,0,0,0,0,0,0,0,0,0,0,0,0,0,0,0,0,0,0,0,0,0,0,0,0,0,0,0,0,0,0,0,0,0,0,0,0,0,0,0,0,0,0,0,0,0,0,0,1,0,0,0,0,0,1,,0.0,0.0
10531,0,0,0,0,0,0,0,0,0,0,0,0,0,0,0,0,0,0,1,0,0,0,0,0,0,0,0,0,0,0,0,0,0,0,0,0,0,0,0,0,0,0,1,0,0,0,0,0,0,0,0,0,0,1,0,1.0,13.0,4.8
10550,0,0,3,0,0,0,0,6,0,0,0,0,0,0,0,0,0,0,6,0,0,0,0,0,0,0,0,0,0,0,0,0,0,0,0,0,0,0,0,0,0,0,3,0,0,0,0,0,6,0,0,0,1,4,1,1.25,105.0,3.9166666666666665
10620,0,0,0,0,0,0,0,0,0,0,0,0,0,0,0,0,0,0,0,0,0,0,0,0,0,0,0,0,0,0,1,0,0,0,0,0,0,0,0,0,0,0,0,0,0,0,0,0,1,0,0,0,0,1,0,,43.0,4.2
10640,0,0,0,0,0,0,0,0,0,0,0,0,1,0,1,0,0,0,1,0,0,0,0,0,0,0,1,0,0,0,0,0,0,0,0,0,0,0,0,0,0,1,0,0,0,0,0,0,1,0,0,0,0,0,1,2.0,43.0,3.2
10648,0,0,0,0,0,0,0,0,0,0,0,0,0,0,0,0,0,0,1,0,0,0,0,0,0,0,0,0,0,0,0,0,0,0,0,0,0,0,0,0,0,0,0,0,0,0,0,0,1,0,0,0,0,1,0,,50.0,4.6
10653,0,0,0,0,0,0,0,0,0,0,0,0,0,0,0,0,0,0,0,0,0,0,0,0,0,0,0,0,0,0,0,0,0,0,0,0,0,0,0,0,0,0,0,0,0,0,0,0,1,0,0,0,0,1,0,,13.0,4.0
10661,0,0,0,0,0,0,0,0,0,0,0,0,0,0,0,0,0,0,1,0,0,0,0,0,0,0,0,0,0,0,0,0,0,0,1,0,0,0,0,0,0,0,1,0,0,0,0,0,0,0,0,0,0,1,0,1.0,52.0,3.4
10704,0,0,2,2,0,0,0,3,0,0,0,0,1,0,1,0,0,0,6,0,0,0,0,0,0,0,1,0,0,0,0,0,0,0,0,0,0,0,0,0,0,0,4,0,0,0,0,0,4,0,0,0,0,6,0,1.6,325.3333333333333,3.8833333333333333
10705,0,0,1,0,0,0,0,1,0,0,0,0,0,0,0,0,0,0,1,0,0,0,0,0,0,0,0,0,0,0,0,0,0,0,0,0,0,0,0,0,0,0,1,0,0,0,0,0,1,0,0,0,0,1,0,1.0,85.0,4.2
10707,0,0,0,0,0,0,0,0,0,0,0,0,0,0,0,0,0,0,1,0,0,0,0,0,0,0,0,0,0,0,0,0,0,0,0,0,0,0,0,0,0,0,1,0,0,0,0,0,0,0,0,0,0,1,0,1.0,46.0,4.2
10708,0,0,0,0,0,0,0,1,0,0,0,0,0,0,0,0,0,0,1,0,0,0,0,0,0,0,0,0,0,0,0,0,0,0,0,0,0,0,0,0,0,0,0,0,0,0,0,0,1,0,0,0,0,1,0,2.0,407.0,4.2
10709,0,0,0,1,0,0,0,0,0,0,0,0,0,0,0,0,0,0,1,0,0,0,0,0,0,0,0,0,0,0,0,0,0,0,0,0,0,0,0,0,0,0,1,0,0,0,0,0,0,0,0,0,0,1,0,,96.0,4.1
10714,0,0,0,0,0,0,0,0,0,0,0,0,0,0,0,0,0,0,0,0,0,0,0,0,0,0,0,0,0,0,1,0,0,0,0,0,0,0,0,0,0,0,0,0,0,0,0,0,1,0,0,0,0,1,0,,30.0,4.5
10716,0,0,0,0,0,0,0,0,0,0,0,1,1,0,0,0,0,0,1,0,0,0,0,0,0,0,0,0,0,0,0,0,0,0,0,0,0,0,0,0,0,0,0,0,0,0,0,0,1,0,0,0,0,1,0,2.0,26.0,3.3
10721,0,0,1,0,0,0,0,1,0,0,0,0,0,0,0,0,0,0,1,0,0,0,0,0,0,0,0,0,0,0,0,0,0,0,0,0,0,0,0,0,0,0,1,0,0,0,0,0,1,0,0,0,0,1,0,1.0,151.0,3.7
10724,0,0,0,0,0,0,0,0,0,0,0,0,1,0,0,0,0,0,1,0,0,0,0,0,0,0,0,0,0,0,0,0,0,0,0,0,0,0,0,0,0,0,0,0,0,0,0,0,1,0,0,0,0,1,0,1.0,19.0,4.9
10740,0,0,0,0,0,0,0,0,0,0,0,0,1,0,0,0,0,0,1,0,0,0,0,0,0,0,0,0,0,0,0,0,0,0,0,0,0,0,0,0,0,0,0,0,0,0,0,0,1,0,0,0,0,1,0,1.0,24.0,2.7
10801,0,0,3,0,0,0,0,4,0,0,0,0,0,0,0,0,0,0,4,0,0,0,0,0,0,0,0,0,0,0,0,0,0,0,0,0,0,0,0,0,0,0,3,0,0,0,0,0,4,0,0,0,0,4,0,1.25,151.0,3.8749999999999996
10802,0,0,0,0,0,0,0,0,0,0,0,0,0,0,0,0,0,0,1,0,0,0,0,0,0,0,0,0,0,0,0,0,0,0,0,0,0,0,0,0,0,0,1,0,0,0,0,0,0,0,0,0,0,1,0,,173.0,4.5
10803,0,0,2,0,0,0,0,2,0,0,0,0,0,0,0,0,0,0,2,0,0,0,0,0,0,0,0,0,0,0,0,0,0,0,0,1,0,0,0,0,0,0,2,0,0,0,0,0,2,0,0,0,0,2,0,1.5,436.0,4.25
10825,0,0,0,1,0,0,0,0,0,0,0,0,0,0,0,0,0,0,1,0,0,0,0,0,0,0,0,0,0,0,0,0,0,0,0,0,0,0,0,0,0,0,1,0,0,0,0,0,0,0,0,0,0,1,0,2.0,438.0,4.4
10854,0,0,0,0,0,0,0,0,0,0,0,0,0,0,0,0,0,0,1,0,0,0,0,1,0,0,0,0,0,0,0,0,0,0,0,0,0,0,0,0,0,0,0,0,0,0,0,0,1,0,0,0,0,1,0,,217.0,3.6
10901,0,0,0,0,0,0,0,0,0,0,0,0,0,0,0,0,0,0,1,0,0,0,0,0,0,0,0,0,0,0,0,0,0,0,0,0,0,0,0,0,0,0,1,0,0,0,0,0,0,0,0,0,0,1,0,1.0,70.0,4.3
10902,0,0,0,0,0,0,0,0,0,1,0,0,0,0,0,0,0,0,1,0,0,0,0,1,0,0,0,0,0,0,0,0,0,0,0,0,0,0,0,0,0,0,0,0,0,0,0,0,2,0,0,0,0,1,1,,147.0,2.0
10915,0,0,0,0,0,0,0,0,0,0,0,0,0,0,0,0,0,0,1,0,0,0,0,0,0,0,0,0,0,0,0,0,0,0,1,0,0,0,0,0,0,0,1,0,0,0,0,0,0,0,0,0,0,1,0,1.0,81.0,4.2
10918,0,0,0,0,0,0,0,0,0,0,0,0,0,0,0,0,0,0,1,0,0,0,0,1,0,0,0,0,0,0,0,0,0,0,0,0,0,0,0,0,0,0,0,0,0,0,0,0,1,0,0,0,0,0,1,,2.0,5.0
10922,0,0,0,0,0,0,0,0,0,0,0,0,0,0,0,0,0,0,0,0,0,0,0,0,0,0,0,0,0,0,1,0,0,0,0,0,0,0,0,0,0,0,0,0,0,0,0,0,1,0,0,0,0,1,0,,8.0,4.3
10945,0,0,0,0,0,0,0,0,0,0,0,0,0,0,0,0,0,0,0,0,0,0,0,0,0,0,0,0,0,0,0,0,0,0,0,0,0,0,0,0,0,0,0,0,0,0,0,0,1,0,0,0,0,0,1,,0.0,0.0
10962,0,0,1,0,0,0,0,1,0,0,0,1,1,0,1,0,0,0,2,0,0,0,0,0,0,0,1,0,0,0,0,0,0,0,0,0,0,0,0,0,0,0,1,0,0,0,0,0,2,0,0,0,0,2,0,1.5,108.0,3.45
11000,0,0,0,0,0,0,0,1,0,0,0,0,0,0,0,0,0,0,1,0,0,0,0,0,0,0,0,0,0,0,0,0,0,0,0,0,0,0,0,0,0,0,0,0,0,0,0,0,0,0,0,0,0,1,0,2.0,25.0,3.9
11001,0,0,0,2,0,0,0,1,0,0,0,0,0,0,0,0,0,0,5,0,0,0,0,0,0,0,0,0,0,0,0,0,0,0,0,0,0,0,0,0,0,0,5,0,0,0,0,0,0,0,0,0,0,5,0,2.0,254.8,4.6
11002,0,0,0,0,0,0,0,0,0,0,0,0,0,0,0,0,0,0,1,0,0,0,0,0,0,0,0,0,0,0,0,0,0,0,1,0,0,0,0,0,0,0,1,0,0,0,0,0,0,0,0,0,0,1,0,2.0,268.0,3.7
11003,0,0,2,0,0,0,0,4,0,0,0,0,0,0,0,0,0,0,5,0,0,0,0,0,0,0,0,0,0,0,0,0,0,0,0,0,0,0,0,0,0,0,4,0,0,0,0,0,4,0,0,0,0,5,0,1.5,419.2,4.26
11004,0,0,2,0,0,0,0,1,0,0,0,4,4,0,2,0,0,0,24,0,0,0,0,2,0,0,2,0,0,0,2,0,0,0,2,1,0,0,0,0,0,1,15,0,1,0,0,0,17,1,0,1,1,30,0,1.4210526315789473,216.1290322580645,4.0032258064516135
11005,0,0,0,0,0,0,0,0,0,0,0,0,0,0,0,0,0,0,1,0,0,0,0,0,0,0,1,0,0,0,0,0,0,0,0,0,0,0,0,0,0,1,1,0,0,0,0,0,1,0,0,0,0,1,1,2.0,4.5,1.85
11006,0,0,0,0,0,0,0,0,0,0,0,0,0,0,0,0,0,0,1,0,0,0,0,0,0,0,0,0,0,0,0,0,0,0,1,0,0,0,0,0,0,0,1,0,0,0,0,0,0,0,0,0,0,1,0,1.0,78.0,3.8
11010,0,0,1,0,0,0,0,2,0,0,0,0,0,0,0,0,0,0,2,0,0,0,0,0,0,0,0,0,0,0,0,0,0,0,0,0,0,0,0,0,0,0,1,0,0,0,0,0,2,0,0,0,0,2,0,1.5,254.0,3.75
11011,0,0,0,0,0,0,0,0,0,0,0,0,0,0,0,0,0,0,1,0,0,0,0,0,0,0,0,0,0,0,0,0,0,0,0,0,0,0,0,0,0,0,1,0,0,0,0,0,0,0,0,0,0,1,0,1.0,87.0,4.2
11014,0,0,0,0,0,0,0,0,0,0,0,0,0,0,0,0,0,0,1,0,0,0,0,1,0,0,0,0,0,0,0,0,0,0,0,0,0,0,0,0,0,0,0,0,0,0,0,0,1,0,0,0,0,1,0,2.0,288.0,3.7
11015,0,0,0,0,0,0,0,0,0,0,0,0,0,0,0,0,0,0,1,0,0,0,0,0,0,0,0,0,0,0,0,0,0,0,1,0,0,0,0,0,0,0,1,0,0,0,0,0,0,0,0,0,0,1,0,1.0,53.0,4.4
11017,0,0,0,0,0,0,0,0,0,0,0,0,0,0,0,0,0,0,1,0,0,0,0,0,0,0,0,0,0,0,0,0,0,0,1,0,0,0,0,0,0,0,1,0,0,0,0,0,0,0,0,0,0,1,0,1.0,178.0,4.0
11021,0,0,2,0,0,0,0,5,0,0,0,0,0,0,0,0,0,0,8,0,0,0,0,0,0,0,0,0,0,0,0,0,0,0,1,0,0,0,0,0,0,0,5,0,0,0,0,0,5,0,0,0,0,8,0,1.75,392.0,4.2625
11040,0,0,6,1,0,0,0,8,0,0,0,1,1,0,1,0,0,0,17,0,0,0,0,0,0,0,1,0,0,0,0,0,0,0,1,2,0,0,0,0,0,0,13,0,0,0,0,0,9,0,0,0,0,17,0,1.8235294117647058,471.3529411764706,4.158823529411764
11072,0,0,0,0,0,0,0,0,0,0,0,0,0,0,0,0,0,0,1,0,0,0,0,0,0,0,0,0,0,0,0,0,0,0,0,0,0,0,0,0,0,0,1,0,0,0,0,0,0,0,0,0,0,1,0,2.0,311.0,4.5
11101,0,0,11,11,0,0,0,21,0,1,0,4,3,1,1,5,1,0,55,0,3,0,0,1,0,2,1,7,0,0,4,0,0,0,3,2,0,0,0,0,1,0,40,0,0,1,0,0,45,0,0,0,7,66,1,1.66,454.56756756756755,4.131081081081081
11102,0,0,3,1,0,0,0,11,0,0,0,0,6,0,0,5,0,0,41,0,1,0,0,5,0,1,0,3,0,0,1,0,0,0,9,1,0,0,0,0,0,0,25,0,0,0,0,0,31,3,0,0,4,44,3,1.5416666666666667,148.72549019607843,4.143137254901961
11103,0,0,6,5,0,0,0,14,0,0,0,2,4,0,3,3,2,0,44,0,3,0,0,4,0,0,5,5,1,0,0,0,0,0,6,0,0,0,0,0,0,1,26,0,0,0,0,0,35,1,0,0,5,50,0,1.7894736842105263,216.47272727272727,4.2672727272727276
11104,0,0,5,4,0,0,0,10,0,0,0,0,6,0,3,2,1,0,43,0,1,0,0,6,0,2,3,1,0,0,1,0,1,0,5,1,0,0,0,0,0,1,25,0,0,0,0,0,30,1,0,0,0,50,1,1.7058823529411764,224.7843137254902,3.9999999999999987
11105,0,0,4,4,0,0,1,13,0,0,0,2,4,0,3,3,0,1,40,0,1,0,0,2,0,1,4,4,1,0,3,0,0,0,5,0,0,2,0,0,0,3,26,0,1,0,0,0,31,0,0,0,1,51,0,1.6764705882352942,262.86538461538464,4.257692307692308
11106,0,0,8,4,0,0,0,15,0,0,0,4,7,1,3,1,0,0,41,0,2,0,0,4,0,2,3,5,1,0,3,0,0,0,2,0,0,0,0,0,0,0,25,0,0,0,0,0,32,1,0,0,2,47,1,1.625,247.06,4.257999999999999
11108,0,0,0,0,0,0,0,0,0,0,0,0,0,1,0,0,0,0,0,0,0,0,0,0,0,0,0,0,0,0,0,0,0,0,0,0,0,0,0,0,0,0,0,0,0,0,0,0,1,0,0,0,0,0,1,,0.0,0.0
11109,0,0,1,4,0,0,0,1,0,0,0,0,0,0,0,0,0,0,6,0,0,0,0,1,0,0,0,0,0,0,0,0,0,0,0,0,0,1,0,0,1,0,5,0,0,0,0,0,4,0,0,0,1,6,1,2.0,582.375,4.25
11117,0,0,0,0,0,0,0,0,0,0,0,0,0,0,0,0,0,0,1,0,0,0,0,0,0,0,0,0,0,0,0,0,0,0,1,0,0,0,0,0,0,0,1,0,0,0,0,0,0,0,0,0,0,1,0,1.0,310.0,4.0
11134,0,0,0,0,0,0,0,0,0,0,0,0,0,0,0,0,0,0,0,0,0,0,0,0,0,0,0,0,0,0,1,0,0,0,0,0,0,0,0,0,0,0,0,0,0,0,0,0,1,0,0,0,0,1,0,,13.0,4.6
11140,0,0,0,0,0,0,0,0,0,0,0,0,0,0,0,0,0,0,1,0,0,0,0,0,0,0,0,0,0,0,0,0,0,0,0,0,0,0,0,0,0,0,0,0,0,0,0,0,1,0,0,0,0,1,0,,2.0,3.0
11201,0,0,3,8,0,0,1,19,0,0,0,6,7,1,5,1,2,1,47,0,2,0,0,2,0,2,6,5,0,0,0,0,0,0,0,1,0,0,0,0,0,0,24,0,1,0,0,0,39,1,0,0,5,53,0,1.9583333333333333,520.448275862069,3.9931034482758623
11203,0,0,5,3,0,0,0,11,0,4,0,2,4,1,2,1,0,0,36,0,2,0,0,2,0,3,2,5,0,0,0,0,0,0,3,0,0,0,0,0,0,0,29,0,0,0,0,0,30,1,0,0,7,41,2,1.4642857142857142,262.78,3.992
11204,0,0,3,0,0,0,0,11,0,0,0,6,5,2,3,2,0,0,39,0,2,0,0,3,0,2,3,4,0,0,0,0,0,0,11,0,0,0,0,0,0,0,25,0,0,0,0,0,27,2,0,0,7,44,0,1.4,193.6078431372549,4.131372549019607
11205,1,0,6,4,0,1,1,13,0,0,0,2,2,0,1,1,0,0,39,0,2,0,1,5,0,4,2,5,1,0,2,0,1,0,5,1,0,0,0,0,0,0,25,0,0,0,0,0,33,3,0,0,8,42,2,1.7352941176470589,267.7307692307692,4.298076923076923
11206,0,0,4,5,0,0,0,15,0,0,0,7,3,1,1,4,0,1,41,0,2,0,0,1,0,1,2,5,0,0,0,0,0,0,5,0,0,0,0,0,0,0,27,0,1,0,0,0,34,0,0,0,7,47,1,1.5666666666666667,191.5090909090909,4.285454545454544
11207,0,1,3,2,0,1,0,13,0,1,0,2,1,0,1,0,1,1,39,0,0,0,0,6,0,4,1,3,0,0,2,0,0,0,9,0,0,0,0,0,1,1,30,0,1,0,0,0,29,4,0,0,1,50,2,1.2857142857142858,249.32075471698113,4.056603773584905
11208,0,0,6,3,0,0,0,9,0,0,0,5,2,0,3,1,0,0,36,0,2,0,0,4,0,3,3,5,0,0,1,0,0,0,11,0,0,1,0,0,0,2,28,0,2,0,0,0,28,1,0,0,4,42,2,1.2962962962962963,299.0208333333333,3.960416666666666
11209,0,0,8,8,0,1,0,18,0,1,0,3,7,1,5,3,1,0,44,0,3,0,0,0,0,3,5,5,1,0,0,0,0,0,4,1,0,0,0,0,0,0,28,0,0,0,0,0,36,0,0,0,3,52,2,1.7727272727272727,361.0701754385965,4.208771929824562
11210,0,0,4,1,0,0,0,10,0,1,0,4,2,2,1,2,3,0,37,0,4,0,1,4,0,1,1,6,2,0,0,0,0,0,6,0,0,0,0,0,0,1,27,0,3,0,0,0,30,1,0,0,8,43,0,1.2727272727272727,322.5686274509804,4.084313725490196
11211,0,0,7,11,0,0,0,19,0,0,0,5,1,0,1,3,2,0,43,0,1,0,0,3,1,1,3,4,2,0,1,0,0,0,3,1,0,0,0,0,0,0,28,0,1,0,0,0,39,2,0,0,6,52,1,1.8055555555555556,245.20338983050848,4.371186440677967
11212,0,0,3,0,0,0,0,9,0,0,0,5,4,0,3,3,1,0,37,0,5,0,0,4,0,0,4,7,1,0,1,0,0,0,8,3,0,0,0,0,0,2,24,0,3,0,0,0,30,1,0,0,3,44,3,1.4074074074074074,143.48,4.0360000000000005
11213,0,0,4,1,0,0,0,7,0,0,0,1,1,0,1,1,1,0,37,0,5,0,0,10,0,3,1,5,1,0,1,0,0,0,7,3,0,0,0,0,0,1,25,0,1,0,0,0,26,4,0,0,6,39,1,1.3181818181818181,213.1304347826087,4.186956521739131
11214,0,0,6,2,0,0,0,17,0,1,0,4,4,1,3,5,0,0,40,0,3,0,0,2,0,3,3,7,0,0,1,0,0,0,7,1,0,0,0,0,0,1,29,0,0,0,0,0,35,0,0,0,3,52,0,1.5128205128205128,376.27272727272725,4.056363636363637
11215,0,0,4,4,0,0,0,20,0,0,0,3,4,0,4,1,0,0,47,0,4,0,0,2,0,3,5,5,0,0,2,0,1,0,2,1,0,1,0,0,0,0,25,0,1,1,0,0,38,2,0,0,7,51,1,1.872340425531915,321.8135593220339,4.26271186440678
11216,0,1,3,1,0,0,0,15,0,0,0,2,3,0,1,1,2,2,40,0,3,0,0,2,0,4,1,7,0,0,4,0,2,0,5,1,0,0,0,0,0,0,24,0,0,0,0,0,35,2,0,0,12,42,0,1.4285714285714286,235.0185185185185,4.274074074074073
11217,1,0,0,8,0,0,0,18,0,1,0,5,2,1,1,6,1,0,44,0,2,0,1,3,0,3,2,6,2,0,1,0,1,0,2,1,0,0,0,0,0,0,26,0,2,0,0,0,38,1,0,0,8,50,0,1.8979591836734695,564.1896551724138,4.256896551724138
11218,0,0,3,3,0,1,0,14,0,1,0,2,5,0,2,0,0,1,45,0,0,0,0,5,0,5,2,4,0,0,1,0,0,0,7,1,0,0,0,0,0,0,27,0,0,0,0,0,33,1,0,0,11,42,1,1.6176470588235294,162.22222222222223,4.048148148148147
11219,0,0,5,1,0,0,1,10,0,0,0,0,3,0,2,1,1,0,36,0,2,0,1,0,0,2,3,3,0,0,3,0,0,0,12,0,0,1,0,0,0,0,26,0,0,0,0,0,29,0,0,0,12,32,6,1.4615384615384615,116.0,3.95
11220,0,0,7,0,0,0,0,15,0,0,0,4,3,1,2,2,0,0,38,0,1,0,1,1,0,1,2,3,0,0,1,0,0,0,9,0,0,0,0,0,0,0,30,0,4,0,0,0,34,1,0,0,1,52,3,1.5263157894736843,241.39285714285714,4.164285714285714
11221,1,0,2,8,0,0,0,18,0,0,0,2,1,1,1,1,0,0,41,0,2,0,0,2,0,4,2,4,0,0,2,0,2,0,11,3,0,0,0,0,0,0,30,0,1,0,0,0,33,2,0,0,6,49,2,1.34375,153.10526315789474,4.073684210526316
11222,0,0,3,8,0,1,1,14,0,0,0,7,3,0,1,3,0,0,37,0,4,0,0,1,0,2,2,8,1,0,0,0,0,0,1,0,0,0,0,0,0,0,26,0,0,0,0,0,33,0,1,0,6,47,0,1.875,214.47169811320754,4.364150943396227
11223,0,0,8,3,0,0,0,16,0,2,0,4,5,0,4,3,0,1,46,0,2,0,0,2,0,3,4,4,0,0,1,0,1,0,5,0,0,2,0,0,0,0,32,0,0,0,0,0,34,1,0,0,12,45,1,1.5517241379310345,183.81034482758622,4.156896551724138
11224,0,0,3,4,0,0,0,8,0,1,0,3,1,1,1,2,0,0,32,0,1,0,0,1,0,0,2,2,0,0,3,0,0,0,2,0,0,1,0,1,0,0,25,0,2,0,0,0,28,0,0,0,10,33,6,1.434782608695652,439.265306122449,4.036734693877551
11225,0,1,5,8,0,0,1,15,0,0,0,1,3,0,2,2,2,0,40,0,1,0,0,4,0,3,3,1,0,1,3,0,1,0,5,1,0,0,0,0,0,1,26,0,0,0,0,0,34,1,0,0,6,43,3,1.5,153.23076923076923,4.269230769230768
11226,0,0,8,2,0,0,0,12,0,1,0,6,8,2,4,4,0,0,42,0,1,0,0,2,0,1,5,2,0,0,0,0,0,0,6,1,0,0,0,0,0,2,28,0,1,0,0,0,33,1,0,0,7,45,0,1.5555555555555556,279.4230769230769,4.034615384615384
11228,0,0,3,1,0,0,0,6,0,1,0,3,2,0,2,1,0,1,33,0,1,0,0,6,0,0,2,1,0,0,4,0,0,0,12,2,0,0,0,0,0,2,24,0,0,0,0,0,29,0,0,0,9,33,3,1.4761904761904763,136.46666666666667,4.055555555555556
11229,0,0,8,2,0,1,0,14,0,0,0,6,6,2,4,3,0,0,42,0,1,0,0,2,0,2,4,2,1,0,0,0,0,0,9,1,0,0,0,0,0,0,30,0,1,0,0,0,34,1,0,0,1,52,2,1.5135135135135136,239.4,3.9145454545454546
11230,0,0,8,1,0,0,0,11,0,1,0,1,3,0,1,2,0,0,37,0,2,0,0,5,0,1,1,5,0,0,1,0,1,0,5,1,0,0,0,1,0,0,23,0,0,0,0,0,30,2,0,0,13,32,2,1.4814814814814814,395.3829787234043,4.063829787234042
11231,0,0,2,8,0,0,0,16,0,0,0,1,2,0,2,1,0,0,42,0,2,0,0,3,0,1,2,7,0,0,2,0,0,0,0,0,0,0,0,0,1,0,28,1,0,0,0,0,33,1,0,0,13,41,1,1.6896551724137931,379.23636363636365,4.4381818181818184
11232,0,0,4,5,0,0,0,13,0,1,0,2,0,2,0,1,1,1,36,0,2,0,1,1,0,3,0,4,1,0,3,0,0,0,13,0,0,0,0,0,0,0,29,0,1,0,0,0,33,1,0,0,12,39,1,1.2962962962962963,417.4807692307692,4.353846153846154
11233,0,0,2,2,0,0,0,8,0,0,0,1,2,0,2,0,0,0,38,0,0,0,0,10,0,1,2,0,0,0,3,0,0,0,2,0,0,0,0,0,0,0,23,0,0,0,0,0,24,1,0,0,4,37,4,1.68,221.75555555555556,4.057777777777779
11234,0,0,7,3,0,0,0,16,0,1,0,4,8,0,7,2,1,0,46,0,4,0,0,0,0,2,7,7,0,0,0,0,0,0,13,1,0,0,0,0,0,0,32,1,0,1,0,0,35,0,0,0,6,49,0,1.6744186046511629,502.56363636363636,4.052727272727274
11235,0,0,7,7,0,0,0,18,0,0,0,4,4,2,3,4,0,0,46,0,2,0,0,4,0,0,3,4,0,0,0,0,0,0,5,3,0,2,0,0,0,0,32,0,0,0,0,0,34,2,0,0,6,51,1,1.7857142857142858,509.44827586206895,4.122413793103448
11236,0,0,7,1,0,0,0,9,0,1,0,5,3,0,3,1,0,1,35,0,1,0,0,2,0,3,3,2,0,0,0,0,0,0,10,0,0,0,0,0,0,0,27,0,3,0,0,0,29,0,0,0,7,40,1,1.2857142857142858,162.10416666666666,4.004166666666666
11237,0,0,7,5,0,3,1,17,0,0,0,1,0,0,0,1,0,0,41,0,2,0,0,4,0,1,0,3,0,0,2,0,0,0,7,1,0,0,0,0,1,0,25,0,0,0,0,0,37,1,0,0,12,42,2,1.56,199.32142857142858,4.328571428571428
11238,1,0,2,9,0,1,0,12,0,0,0,2,0,0,0,0,0,1,41,0,1,0,0,5,0,3,0,4,0,0,7,0,2,0,3,2,0,1,0,0,0,0,24,0,0,0,0,0,31,4,0,0,10,40,2,1.6875,247.23076923076923,4.24423076923077
11239,0,0,6,5,0,0,0,5,0,1,0,5,1,3,1,4,0,0,21,0,5,0,1,2,1,1,1,8,1,0,1,0,0,0,1,4,0,0,0,0,0,0,17,0,2,0,0,0,25,0,0,0,0,37,0,1.6129032258064515,920.7567567567568,3.7837837837837838
11245,0,0,0,0,0,0,0,0,0,0,0,0,0,0,0,0,0,0,1,0,1,0,0,1,0,0,0,1,0,0,0,0,0,0,0,0,0,0,0,0,0,0,0,0,0,0,0,0,1,0,0,0,0,1,0,1.0,182.0,4.1
11249,0,0,0,1,0,0,0,2,0,0,0,0,0,0,0,0,0,0,2,0,0,0,0,0,0,0,0,0,0,0,0,0,0,0,0,0,0,0,0,0,0,0,1,0,0,0,0,0,2,0,0,0,0,2,0,2.0,403.0,4.45
11302,0,0,0,0,0,0,0,0,0,0,0,0,0,0,0,0,0,0,1,0,0,0,0,0,0,0,0,0,0,0,0,0,0,0,0,0,0,0,0,0,0,0,1,0,0,0,0,0,0,0,0,0,0,1,0,,64.0,4.3
11303,0,0,0,0,0,0,0,0,0,0,0,0,0,0,0,0,0,0,1,0,0,0,0,0,0,0,0,0,0,0,0,0,0,0,1,0,0,0,0,0,0,0,1,0,0,0,0,0,0,0,0,0,0,1,0,1.0,176.0,4.1
11309,0,0,0,0,0,0,0,0,0,0,0,0,0,0,0,0,0,0,1,0,0,0,0,1,0,0,0,0,0,0,0,0,0,0,0,0,0,0,0,0,0,0,0,0,0,0,0,0,1,0,0,0,0,0,1,,0.0,0.0
11317,0,0,0,0,0,0,0,0,0,0,0,0,0,0,0,0,0,0,1,0,0,0,0,0,0,0,0,0,0,0,0,0,0,0,1,0,0,0,0,0,0,0,1,0,0,0,0,0,0,0,0,0,0,1,0,1.0,152.0,4.3
11320,0,0,2,0,0,0,0,1,0,0,0,0,0,0,0,0,0,0,2,0,0,0,0,0,0,0,0,0,0,0,0,0,0,0,0,0,0,0,0,0,0,0,1,0,0,0,0,0,2,0,0,0,0,2,0,1.0,95.0,3.75
11335,0,0,0,0,0,0,0,0,0,0,0,0,0,0,0,0,0,0,1,0,0,0,0,1,0,0,0,1,0,0,0,0,0,0,0,0,0,0,0,0,0,0,0,0,0,0,0,0,1,0,0,0,0,1,0,1.0,300.0,4.0
11354,0,0,4,3,0,0,0,10,0,0,0,4,0,4,0,2,1,0,29,0,5,0,0,3,0,1,0,9,0,0,0,0,0,0,4,0,0,0,0,0,0,0,21,0,2,0,0,0,24,1,0,0,4,38,0,1.6774193548387097,501.26190476190476,4.102380952380952
11355,0,0,4,0,0,0,0,6,0,1,0,3,1,0,1,0,1,0,32,0,2,0,0,5,0,2,1,4,0,0,1,0,0,0,4,2,0,0,0,0,1,0,25,0,1,0,0,0,25,2,0,0,3,35,7,1.5263157894736843,172.73333333333332,4.035555555555556
11356,0,0,6,2,0,0,0,5,0,1,0,2,4,2,2,0,0,0,31,0,3,0,0,3,0,0,2,4,1,0,0,0,0,0,10,1,0,0,0,0,0,0,21,0,0,0,0,0,21,1,0,0,4,33,2,1.45,237.5897435897436,3.897435897435897
11357,0,0,5,2,0,0,0,10,0,0,0,1,6,0,3,0,0,1,37,0,1,0,1,0,0,1,3,2,0,0,2,0,0,0,2,0,0,0,0,0,0,0,26,0,1,0,0,0,24,0,0,0,6,38,1,1.68,153.4,4.1644444444444435
11358,0,0,4,1,0,0,0,14,0,0,0,2,4,0,3,3,0,0,43,0,3,1,0,3,0,2,3,5,0,0,1,0,0,0,4,4,0,1,0,0,0,0,25,0,0,0,0,0,31,1,0,0,3,50,0,1.6,191.0754716981132,4.211320754716981
11360,0,0,1,2,0,0,0,2,0,0,0,7,3,1,0,0,1,0,13,0,2,0,0,1,0,0,0,2,3,0,1,0,0,0,1,2,0,0,0,0,0,0,9,0,5,0,0,0,20,0,0,0,2,24,1,1.7894736842105263,180.8148148148148,3.788888888888889
11361,0,0,6,9,0,0,0,14,0,2,0,1,6,0,3,4,2,0,43,0,3,0,0,1,0,1,3,4,1,0,2,0,0,0,0,2,0,2,0,0,0,0,30,0,0,0,0,0,32,1,0,0,4,53,0,1.6578947368421053,297.859649122807,4.14561403508772
11362,0,0,0,0,0,0,0,3,0,0,0,0,1,0,1,3,2,0,20,0,0,0,0,1,0,0,3,0,0,0,4,0,0,0,2,0,0,0,0,0,0,1,14,0,1,0,0,0,18,1,0,0,3,24,3,1.8823529411764706,167.66666666666666,3.863333333333333
11363,0,0,0,1,0,1,0,2,0,0,0,2,2,0,1,2,0,0,12,0,2,0,0,1,0,0,4,4,0,0,1,0,0,0,1,0,0,0,0,0,0,1,10,0,0,0,0,0,21,0,0,0,8,12,9,1.8,59.58620689655172,2.5620689655172413
11364,0,0,3,0,0,0,1,4,0,0,0,2,2,0,2,0,0,0,28,0,0,0,0,3,0,1,3,1,0,0,3,0,0,0,3,1,0,0,0,0,0,1,20,0,0,0,0,0,22,2,0,0,4,33,2,1.5714285714285714,137.4102564102564,3.9564102564102566
11365,0,0,2,2,0,0,0,4,0,1,0,1,3,1,2,1,0,1,29,0,0,1,0,1,0,0,2,0,0,0,0,0,0,0,6,0,0,0,0,0,0,1,21,0,1,1,0,0,18,1,0,0,3,33,2,1.5,308.2894736842105,4.0736842105263165
11366,0,0,2,0,0,0,0,3,0,0,0,1,3,1,2,1,1,0,23,0,0,0,0,1,0,0,3,0,1,0,2,0,0,0,4,1,0,0,0,0,0,1,16,0,1,0,0,0,18,1,0,0,5,26,0,1.7894736842105263,231.90322580645162,4.135483870967741
11367,0,0,1,0,0,0,0,3,0,0,0,3,2,0,2,1,0,0,27,0,0,0,0,6,0,1,2,2,0,0,2,0,0,0,8,3,0,0,0,0,0,1,18,0,0,0,0,0,21,2,0,0,5,31,1,1.2142857142857142,296.64864864864865,4.213513513513513
11368,0,0,4,1,0,0,0,8,0,0,0,1,2,0,1,2,0,0,31,0,2,0,0,1,0,0,1,4,0,0,4,0,0,0,11,1,0,0,0,0,0,1,24,0,0,0,0,0,25,0,0,0,1,41,1,1.5185185185185186,255.46511627906978,4.120930232558138
11369,0,0,1,1,0,0,0,2,0,0,0,2,5,0,1,1,0,0,33,0,0,0,0,6,0,1,1,3,0,0,2,1,0,0,12,1,0,0,0,0,0,0,22,0,0,0,0,0,21,2,0,0,5,32,3,1.375,220.325,4.152499999999999
11370,0,0,1,1,0,0,0,2,0,0,0,2,4,1,2,1,0,0,24,0,1,1,0,1,0,1,2,5,0,0,3,0,0,0,6,2,0,0,0,0,0,1,19,0,1,0,0,0,20,0,0,0,2,29,7,1.4736842105263157,243.94736842105263,3.9605263157894743
11371,0,0,2,0,0,0,0,3,0,0,0,0,0,0,0,0,0,0,3,0,0,0,0,0,0,0,0,0,0,0,0,0,0,0,0,0,0,0,0,0,0,0,2,0,0,0,0,0,3,0,0,0,0,3,0,1.0,37.666666666666664,3.466666666666667
11372,0,0,8,6,0,0,0,16,0,1,0,5,10,1,6,1,1,0,46,0,1,0,0,0,0,0,6,2,1,0,0,0,0,0,4,0,0,0,0,0,0,0,29,0,0,0,0,0,32,0,0,0,2,52,1,1.6216216216216217,331.4909090909091,3.9472727272727273
11373,0,0,6,3,0,0,0,12,0,0,0,12,2,3,2,3,0,0,38,0,3,0,0,2,0,0,2,5,2,0,0,0,0,0,5,2,0,0,0,0,0,0,27,0,6,2,0,0,33,1,0,0,1,51,0,1.6585365853658536,1042.7884615384614,4.076923076923077
11374,0,0,4,8,0,0,0,10,0,2,0,5,6,4,2,2,2,0,36,0,3,0,0,1,0,1,2,4,1,0,0,0,1,0,3,2,0,1,0,0,0,0,24,0,1,1,0,0,28,0,0,0,3,46,0,1.6756756756756757,470.16326530612247,4.040816326530613
11375,0,0,3,7,0,0,0,14,0,1,0,2,5,1,5,4,1,0,38,0,3,0,0,2,0,1,5,4,1,0,0,0,0,0,1,0,0,0,0,0,0,0,25,0,1,0,0,0,29,1,0,0,3,45,0,1.8055555555555556,347.0416666666667,4.133333333333334
11377,0,0,8,1,0,0,0,15,0,1,0,1,6,0,2,3,0,0,45,0,6,0,0,4,0,2,3,8,0,0,0,0,1,0,11,0,0,0,0,0,0,1,30,0,0,0,0,0,34,1,0,0,3,51,1,1.5263157894736843,217.52727272727273,4.174545454545455
11378,0,0,4,3,0,0,0,5,0,0,0,1,3,0,1,0,0,0,33,0,2,0,0,4,0,2,1,5,0,0,3,0,0,0,10,1,0,0,0,0,1,0,24,0,1,0,0,0,25,0,0,0,6,36,3,1.5384615384615385,215.13333333333333,4.075555555555555
11379,0,0,4,1,0,0,0,6,0,0,0,2,5,0,2,3,0,0,32,0,2,0,0,2,0,1,2,3,0,0,2,0,0,0,11,2,0,0,0,0,0,0,22,0,0,0,0,0,24,2,0,0,3,39,1,1.4482758620689655,141.11627906976744,4.062790697674417
11385,0,0,7,5,0,0,1,20,0,0,0,7,6,2,5,0,0,0,48,0,3,0,0,3,0,4,5,5,1,0,1,0,0,0,7,4,0,0,0,0,0,1,31,0,2,1,0,0,36,1,0,0,5,53,0,1.5609756097560976,400.1896551724138,4.234482758620689
11402,0,0,0,0,0,0,0,0,0,0,0,0,0,0,0,0,0,0,1,0,0,0,0,0,0,0,0,0,0,0,0,0,0,0,1,0,0,0,0,0,0,0,1,0,0,0,0,0,0,0,0,0,0,1,0,1.0,181.0,4.2
11407,0,0,0,0,0,0,0,0,0,0,0,0,0,0,0,0,0,0,1,0,0,0,0,1,0,0,0,0,0,0,0,0,0,0,0,0,0,0,0,0,0,0,0,0,0,0,0,0,1,0,0,0,0,1,0,,5.0,5.0
11411,0,0,1,1,0,0,1,1,0,0,0,2,1,0,1,0,0,0,19,0,1,0,0,3,1,1,2,1,0,0,1,0,0,0,1,1,0,0,0,0,0,0,15,0,1,1,0,0,14,1,0,0,1,24,1,1.3,171.8846153846154,3.434615384615385
11412,0,0,0,0,1,0,0,0,0,1,0,1,1,0,0,0,0,0,13,0,0,0,0,3,0,0,0,0,0,0,0,0,0,0,3,2,0,0,0,0,0,0,9,0,0,0,0,0,9,1,0,0,0,15,3,1.25,119.44444444444444,3.4444444444444446
11413,0,0,3,2,0,0,0,1,0,0,0,3,1,0,0,1,1,1,19,0,0,0,0,2,0,0,0,0,0,0,1,0,0,0,1,0,0,1,0,0,0,0,16,0,1,0,0,0,15,0,0,0,1,25,1,1.3529411764705883,303.962962962963,3.7111111111111104
11414,0,0,3,3,0,0,0,5,0,0,0,1,2,0,2,1,1,0,27,0,0,0,0,1,0,0,2,2,0,0,1,0,0,0,4,1,0,0,0,0,1,1,21,0,0,0,0,0,19,0,0,0,1,35,1,1.7741935483870968,515.4324324324324,4.172972972972973
11415,0,0,2,2,0,0,1,7,0,1,0,0,4,0,1,0,0,0,34,0,0,0,0,4,0,0,2,1,0,0,2,0,0,0,7,2,0,0,0,0,0,0,19,0,1,0,0,0,23,2,0,0,6,34,1,1.4583333333333333,202.4878048780488,4.082926829268292
11416,0,1,1,0,0,0,0,3,0,0,0,1,2,1,2,2,1,0,28,0,0,0,0,6,0,1,2,1,0,0,2,0,0,0,10,2,0,0,0,0,0,0,19,0,0,1,0,0,22,2,0,0,1,34,2,1.4444444444444444,302.3783783783784,3.9972972972972967
11417,0,0,2,3,0,0,0,5,0,1,0,1,3,1,2,1,1,0,27,0,1,0,0,0,0,2,2,3,0,0,3,0,0,0,11,1,0,2,0,0,0,1,21,0,0,0,0,0,17,0,0,0,4,33,0,1.4210526315789473,308.4054054054054,4.2216216216216225
11418,0,0,1,4,0,1,0,3,0,0,0,0,1,0,0,1,0,0,21,0,1,0,0,6,0,1,0,2,0,0,0,0,0,0,4,0,0,2,0,0,0,0,13,0,0,0,0,0,13,2,0,0,4,21,0,1.6666666666666667,283.76,4.112
11419,0,0,0,1,0,0,0,2,0,0,0,2,3,0,2,3,0,0,20,0,1,0,0,2,0,0,2,3,0,0,0,0,0,0,5,1,0,0,0,0,0,0,15,0,0,0,0,0,14,1,0,0,3,24,1,1.631578947368421,253.60714285714286,4.003571428571428
11420,0,0,1,2,0,0,0,1,0,1,0,0,0,0,0,0,1,0,23,0,1,0,0,5,0,0,0,1,0,0,1,0,0,0,7,1,0,1,0,0,0,0,17,0,0,0,0,0,13,1,0,0,2,24,2,1.4285714285714286,312.60714285714283,3.939285714285714
11421,0,0,3,2,0,0,0,5,0,0,0,2,3,0,1,1,1,0,30,0,2,0,1,1,0,1,1,3,1,0,2,0,0,0,12,0,0,0,0,0,0,0,24,0,1,0,0,0,25,0,0,0,5,37,2,1.3636363636363635,150.45454545454547,4.204545454545454
11422,0,0,1,5,0,0,0,2,0,0,0,2,1,0,1,0,0,0,20,0,3,0,0,3,0,1,1,5,0,0,1,0,0,0,1,1,0,3,0,0,0,0,15,0,1,0,0,0,13,1,0,0,1,24,1,1.588235294117647,393.96153846153845,3.9269230769230767
11423,0,0,1,0,0,0,0,2,0,1,0,1,0,0,0,1,1,1,18,0,0,0,0,7,0,1,1,1,0,0,0,0,0,1,3,2,0,0,0,0,0,0,12,0,0,0,0,0,15,3,0,0,2,22,0,1.3333333333333333,194.04166666666666,4.095833333333334
11425,0,0,0,0,0,0,0,0,0,0,0,0,0,0,0,0,0,0,1,0,0,0,0,1,0,0,0,0,0,0,0,0,0,0,0,0,0,0,0,0,0,0,0,0,0,0,0,0,1,0,0,0,0,0,1,,0.0,0.0
11426,0,0,0,2,0,0,0,3,0,0,0,2,1,0,1,3,0,0,18,0,1,0,0,4,0,0,1,1,0,0,2,0,0,0,3,1,0,1,0,0,0,0,11,0,0,0,0,0,17,3,0,0,0,27,1,1.5833333333333333,185.96428571428572,4.292857142857143
11427,0,0,1,0,0,0,1,2,0,1,0,1,1,0,1,0,0,0,16,0,1,0,1,3,0,0,1,1,0,0,1,0,0,0,4,0,0,0,0,0,0,0,10,0,0,0,0,0,16,2,0,0,3,17,5,1.4444444444444444,272.32,3.448
11428,0,0,2,2,0,0,0,3,0,1,0,0,0,0,0,2,1,0,24,0,0,0,0,4,0,1,0,1,1,0,1,0,0,0,9,0,0,1,0,0,0,0,20,0,0,0,0,0,14,2,0,0,5,23,2,1.2142857142857142,132.0,3.9500000000000006
11429,0,0,1,0,0,0,0,0,0,0,0,0,2,0,1,0,0,0,13,0,0,0,0,2,0,0,1,0,0,0,1,0,0,0,2,3,0,0,0,0,0,0,10,0,0,0,0,0,10,0,0,0,2,14,2,1.5,115.38888888888889,3.8055555555555554
11430,0,0,5,0,0,0,0,11,0,0,0,0,0,0,0,0,0,0,11,0,0,0,0,0,0,0,0,0,0,0,0,0,0,0,0,0,0,0,0,0,0,0,5,0,0,0,0,0,11,0,0,0,0,11,0,1.375,79.0909090909091,2.4909090909090907
11432,0,1,4,1,0,0,0,9,0,0,0,8,1,2,1,1,2,3,32,0,1,0,0,2,0,0,1,1,0,0,0,0,0,0,9,0,0,0,0,0,0,0,24,0,4,0,0,0,27,2,0,0,5,40,0,1.3,321.4222222222222,3.946666666666666
11433,0,0,1,0,0,0,0,2,0,3,0,2,0,0,0,0,0,0,14,0,1,0,1,3,0,2,1,2,0,0,1,0,0,0,2,0,0,0,0,0,0,0,11,0,0,0,0,0,16,1,0,0,5,18,2,1.0,118.28,3.636
11434,0,0,1,1,0,0,0,4,0,2,0,1,4,0,3,0,0,0,24,0,0,0,0,2,0,0,3,0,0,0,1,0,0,0,1,1,0,0,0,0,0,0,18,0,1,0,0,0,16,0,0,0,3,27,0,1.2777777777777777,426.8666666666667,3.7866666666666666
11435,0,0,3,2,0,0,0,8,0,0,0,1,1,0,0,2,4,0,30,0,1,0,0,2,0,1,0,3,2,0,2,0,0,0,6,1,0,0,0,0,0,0,24,0,1,0,0,0,20,0,0,0,6,35,0,1.380952380952381,204.02439024390245,4.200000000000001
11436,0,0,0,0,0,0,1,1,0,2,0,1,0,0,0,1,0,0,13,0,0,0,0,1,0,1,1,0,1,0,0,0,0,0,5,1,0,0,0,0,0,0,10,0,0,0,0,0,10,0,0,0,6,10,3,1.2,58.21052631578947,4.11578947368421
11445,0,0,0,0,0,0,0,0,0,0,0,0,0,0,0,0,0,0,0,0,1,0,0,0,0,0,0,1,0,0,0,0,0,0,0,0,0,0,0,0,0,0,0,0,0,0,0,0,1,0,0,0,0,1,0,1.0,139.0,4.8
11502,0,0,0,0,0,0,0,0,0,0,0,0,0,0,0,0,0,0,1,0,1,0,0,1,0,0,0,1,0,0,1,0,0,0,0,0,0,0,0,0,0,0,0,0,0,0,0,0,2,0,0,0,0,2,0,1.0,173.0,4.15
11514,0,0,0,0,0,0,0,1,0,0,0,0,0,0,0,0,0,0,1,0,0,0,0,0,0,0,0,0,0,0,0,0,0,0,0,0,0,0,0,0,0,0,0,0,0,0,0,0,1,0,0,0,0,1,0,,26.0,5.0
11516,0,0,0,0,0,0,0,1,0,0,0,0,0,0,0,0,0,0,1,0,0,0,0,0,0,0,0,0,0,0,0,0,0,0,0,0,0,0,0,0,0,0,0,0,0,0,0,0,1,0,0,0,0,1,0,2.0,572.0,3.9
11557,0,0,0,0,0,0,0,1,0,0,0,0,0,0,0,0,0,0,1,0,0,0,0,0,0,0,0,0,0,0,0,0,0,0,0,0,0,0,0,0,0,0,0,0,0,0,0,0,1,0,0,0,0,1,0,2.0,199.0,4.2
11559,0,0,1,0,0,0,0,1,0,0,0,0,0,0,0,0,0,0,1,0,0,0,0,0,0,0,0,0,0,0,0,0,0,0,0,0,0,0,0,0,0,0,1,0,0,0,0,0,1,0,0,0,0,1,0,1.0,706.0,4.1
11580,0,0,1,0,0,0,0,1,0,0,0,0,0,0,0,0,0,0,1,0,0,0,0,0,0,0,0,0,0,0,0,0,0,0,0,0,0,0,0,0,0,0,1,0,0,0,0,0,1,0,0,0,0,1,0,1.0,222.0,3.6
11581,0,0,0,0,0,0,0,2,0,0,0,0,0,0,0,0,0,0,2,0,0,0,0,0,0,0,0,0,0,0,0,0,0,0,0,0,0,0,0,0,0,0,0,0,0,0,0,0,2,0,0,0,0,2,0,2.0,44.5,3.45
11602,0,0,1,0,0,0,0,1,0,0,0,0,1,0,0,0,0,0,2,0,0,0,0,0,0,0,1,0,0,0,0,0,0,0,0,0,0,0,0,0,0,1,1,0,0,0,0,0,2,0,0,0,0,2,0,1.5,57.0,3.95
11610,0,0,0,0,0,0,0,0,0,0,0,0,0,0,0,0,0,0,1,0,0,0,0,1,0,0,0,0,0,0,0,0,0,0,0,0,0,0,0,0,0,0,0,0,0,0,0,0,1,0,0,0,0,0,1,,0.0,0.0
11611,0,0,1,0,0,0,0,1,0,0,0,0,0,0,0,0,0,0,1,0,0,0,0,0,0,0,0,0,0,0,0,0,0,0,0,0,0,0,0,0,0,0,1,0,0,0,0,0,1,0,0,0,0,1,0,1.0,2.0,3.5
11623,0,0,0,0,0,0,0,0,0,0,0,0,0,0,0,0,0,0,1,0,0,0,0,1,0,0,0,0,0,0,0,0,0,0,0,0,0,0,0,0,0,0,0,0,0,0,0,0,1,0,0,0,0,0,1,,2.0,3.5
11691,0,1,3,0,0,0,0,8,0,0,0,4,2,0,1,0,1,0,33,0,2,0,0,4,0,1,2,3,0,0,2,0,0,0,7,0,0,0,1,0,1,1,25,0,2,1,0,0,27,3,0,0,8,35,4,1.125,128.5531914893617,4.059574468085106
11692,0,0,2,0,0,0,0,3,0,2,0,0,0,0,0,0,0,1,25,0,2,0,0,8,0,1,1,2,0,0,2,0,0,0,2,1,0,0,0,0,0,1,15,0,0,0,0,0,21,1,0,0,8,24,2,1.5,112.3529411764706,3.447058823529413
11693,0,0,2,2,0,0,0,4,0,0,0,8,2,0,1,1,0,0,29,0,1,0,0,2,0,0,1,1,0,0,4,0,0,0,4,1,0,0,0,0,0,0,22,0,1,0,0,0,24,1,0,0,10,33,1,1.5,146.02272727272728,4.220454545454546
11694,0,0,4,2,0,2,0,5,0,0,0,1,2,0,0,1,0,0,32,0,0,0,0,3,0,1,0,0,0,0,2,0,0,0,9,1,0,0,0,0,0,0,20,0,0,0,0,0,26,0,0,0,8,34,3,1.5294117647058822,103.71111111111111,4.286666666666666
11697,0,1,0,3,0,0,0,1,0,0,0,1,0,0,0,0,1,0,8,0,0,0,0,1,0,0,1,0,0,0,1,0,0,0,0,1,0,0,0,0,0,1,6,0,0,0,0,0,8,1,0,1,6,5,3,1.6666666666666667,68.57142857142857,4.314285714285714
11710,0,0,0,0,0,0,0,0,0,0,0,1,0,0,0,0,0,0,1,0,0,0,0,1,0,0,0,0,0,0,0,0,0,0,0,0,0,0,0,0,0,0,0,0,0,0,0,0,1,1,0,0,0,1,0,1.0,156.0,3.5
11711,0,0,0,0,0,0,0,0,0,0,0,0,0,0,0,0,0,0,1,0,0,0,0,0,0,0,0,0,0,0,0,0,0,0,1,0,0,0,0,0,0,0,1,0,0,0,0,0,0,0,0,0,0,1,0,1.0,212.0,4.3
11716,0,0,1,0,0,0,0,1,0,0,0,0,0,0,0,0,0,0,1,0,0,0,0,0,0,0,0,0,0,0,0,0,0,0,0,0,0,0,0,0,0,0,1,0,0,0,0,0,1,0,0,0,0,1,0,1.0,35.0,3.4
11800,0,0,0,0,0,0,0,0,0,0,0,0,0,0,0,0,0,0,1,0,0,0,0,0,0,0,0,0,0,0,0,0,0,0,0,0,0,0,0,0,0,0,1,0,0,0,0,0,0,0,0,0,0,1,0,,13.0,4.3
11829,0,0,0,0,0,0,0,0,0,0,0,0,0,0,0,0,0,0,1,0,0,0,0,0,0,0,0,0,0,0,0,0,0,0,0,0,0,0,0,0,0,0,1,0,0,0,0,0,0,0,0,0,0,1,0,,219.0,4.1
11902,0,0,0,0,0,0,0,0,0,0,0,1,1,0,1,0,0,0,1,0,0,0,0,0,0,0,1,0,0,0,0,0,0,0,0,0,0,0,0,0,0,0,0,0,0,0,0,0,1,0,0,0,0,1,0,2.0,85.0,3.1
11907,0,0,0,0,0,0,0,0,0,0,0,1,1,0,1,0,0,0,1,0,0,0,0,0,0,0,1,0,0,0,0,0,0,0,0,0,0,0,0,0,0,0,0,0,0,0,0,0,1,0,0,0,0,1,0,2.0,27.0,4.4
11920,0,0,0,0,0,0,0,0,0,0,0,0,0,0,0,0,0,0,1,0,0,0,0,1,0,0,0,0,0,0,0,0,0,0,0,0,0,0,0,0,0,0,0,0,0,0,0,0,1,0,0,0,0,1,0,,65.0,4.6
12004,0,0,0,0,0,0,0,0,0,0,0,0,0,0,0,0,0,0,1,0,0,0,0,0,0,0,0,0,0,0,0,0,0,0,0,0,0,0,0,0,0,0,1,0,0,0,0,0,0,0,0,0,0,1,0,1.0,230.0,3.8
12007,0,0,0,0,0,0,0,0,0,0,0,0,0,0,0,0,0,0,0,0,0,0,0,0,0,0,0,0,0,0,0,0,0,0,0,0,0,0,0,0,0,0,0,0,1,0,0,0,1,0,0,0,0,0,1,,0.0,0.0
12021,0,0,0,0,0,0,0,0,0,0,0,0,0,0,0,0,0,0,0,0,0,0,0,0,0,0,0,0,0,0,0,0,0,0,0,0,0,0,0,0,0,0,0,0,0,0,0,0,1,0,0,0,0,0,1,,0.0,0.0
12036,0,0,0,0,0,0,0,0,0,0,0,0,0,0,0,0,0,0,1,0,0,0,0,0,0,0,0,0,0,0,0,0,0,0,0,0,0,0,0,0,0,0,1,0,0,0,0,0,0,0,0,0,0,1,0,,104.0,4.7
12074,0,0,1,0,0,0,0,1,0,0,0,0,0,0,0,0,0,0,1,0,0,0,0,0,0,0,0,0,0,0,0,0,0,0,0,0,0,0,0,0,0,0,1,0,0,0,0,0,1,0,0,0,0,1,0,1.0,67.0,3.7
12115,0,0,0,0,0,0,0,0,0,0,0,0,0,0,0,0,0,0,1,0,0,0,0,0,0,0,0,0,0,0,0,0,0,0,1,0,0,0,0,0,0,0,1,0,0,0,0,0,0,0,0,0,0,1,0,1.0,117.0,4.0
12207,0,0,0,0,0,0,0,0,0,0,0,0,0,0,0,1,0,0,0,0,0,0,0,0,0,0,0,0,0,0,0,0,0,0,0,0,0,0,0,0,0,0,0,0,0,0,0,0,1,0,0,0,0,0,1,1.0,3.0,3.0
12217,0,0,1,0,0,0,0,1,0,0,0,0,0,0,0,0,0,0,1,0,0,0,0,0,0,0,0,0,0,0,0,0,0,0,0,0,0,0,0,0,0,0,1,0,0,0,0,0,1,0,0,0,0,1,0,1.0,285.0,4.0
12221,0,0,0,0,0,0,0,0,0,0,0,0,0,0,0,0,0,0,1,0,0,0,0,0,0,0,0,0,0,0,0,0,0,0,1,0,0,0,0,0,0,0,1,0,0,0,0,0,0,0,0,0,0,1,0,2.0,388.0,3.9
12311,0,0,0,0,0,0,0,0,0,1,0,0,0,0,0,0,0,0,0,0,0,0,0,0,0,0,0,0,0,0,0,0,0,0,0,0,0,0,0,0,0,0,0,0,0,0,0,0,1,0,0,0,0,1,0,,137.0,4.1
12315,0,0,0,0,0,0,0,0,0,0,0,0,0,0,0,0,0,0,0,0,0,0,0,0,0,1,0,0,0,0,0,0,0,0,0,0,0,0,0,0,0,0,0,0,0,0,0,0,1,0,0,0,1,0,0,,5.0,4.2
12417,0,0,0,0,0,0,0,0,0,0,0,0,0,0,0,0,0,0,0,0,0,0,0,0,0,0,0,0,0,0,0,0,0,0,0,0,0,0,0,0,0,0,0,0,0,0,0,0,1,0,0,0,0,1,0,2.0,43.0,4.1
12430,0,0,0,0,0,0,0,0,0,0,0,0,0,0,0,0,0,0,1,0,1,0,0,1,0,0,0,1,0,0,0,0,0,0,0,0,0,0,0,0,0,0,0,0,0,0,0,0,1,0,0,0,0,1,0,1.0,121.0,3.6
12519,0,0,0,0,0,0,0,0,0,0,0,0,0,0,0,0,0,0,2,0,0,0,0,1,0,0,0,0,0,0,0,0,0,0,1,1,0,0,0,0,0,0,1,0,0,0,0,0,1,0,0,0,0,2,0,1.0,50.5,4.05
12520,0,0,0,0,0,0,0,0,0,0,0,0,0,0,0,1,0,0,0,0,0,0,0,0,0,0,0,0,0,0,0,0,0,0,0,0,0,0,0,0,0,0,0,0,0,0,0,0,1,0,0,0,0,1,0,,32.0,4.9
12704,0,0,0,0,0,0,0,0,0,0,0,1,1,0,1,0,0,0,1,0,0,0,0,0,0,0,1,0,0,0,0,0,0,0,0,0,0,0,0,0,0,0,0,0,0,0,0,0,1,0,0,0,0,1,0,2.0,54.0,3.5
12711,0,0,0,0,0,0,0,1,0,0,0,0,0,0,0,0,0,0,1,0,0,0,0,0,0,0,0,0,0,0,0,0,0,0,0,0,0,0,0,0,0,0,1,0,0,0,0,0,1,0,0,0,0,0,1,,6.0,3.8
12903,0,0,1,0,0,0,0,1,0,0,0,0,0,0,0,0,0,0,1,0,0,0,0,0,0,0,0,0,0,0,0,0,0,0,0,0,0,0,0,0,0,0,1,0,0,0,0,0,1,0,0,0,0,1,0,1.0,121.0,3.7
13007,0,0,1,0,0,0,0,1,0,0,0,0,0,0,0,0,0,0,1,0,0,0,0,0,0,0,0,0,0,0,0,0,0,0,0,0,0,0,0,0,0,0,1,0,0,0,0,0,1,0,0,0,0,1,0,1.0,1.0,1.0
13101,0,0,0,0,0,0,0,0,0,0,0,0,0,0,0,0,0,0,0,0,0,0,0,0,0,1,0,1,0,0,0,0,0,0,0,0,0,0,0,0,0,0,0,0,0,0,0,0,1,0,0,0,1,0,0,,25.0,4.9
13107,0,0,1,0,0,0,0,1,0,0,0,0,0,0,0,0,0,0,1,0,0,0,0,0,0,0,0,0,0,0,0,0,0,0,0,0,0,0,0,0,0,0,1,0,0,0,0,0,1,0,0,0,0,1,0,1.0,6.0,2.2
13118,0,0,1,0,0,0,0,1,0,0,0,0,0,0,0,0,0,0,1,0,0,0,0,0,0,0,0,0,0,0,0,0,0,0,0,0,0,0,0,0,0,0,1,0,0,0,0,0,1,0,0,0,0,1,0,1.0,222.0,3.9
13119,0,0,0,0,0,0,0,0,0,0,0,0,0,0,0,0,0,0,1,0,0,0,0,0,0,0,0,0,0,0,0,0,0,0,0,0,0,0,0,0,0,0,1,0,0,0,0,0,0,0,0,0,0,1,0,,26.0,4.8
13122,0,0,0,0,0,0,0,0,0,0,0,0,1,0,0,0,0,0,1,0,0,0,0,0,0,0,0,0,0,0,0,0,0,0,0,0,0,0,0,0,0,0,0,0,0,0,0,0,1,0,0,0,0,0,1,,3.0,4.3
13207,0,0,0,0,0,0,0,0,0,0,0,0,0,0,0,0,0,0,0,0,0,0,0,0,0,0,0,0,0,0,0,0,0,0,0,0,0,0,0,0,0,0,0,0,0,0,0,0,1,0,0,0,0,1,0,,26.0,4.2
13209,0,0,0,0,0,0,0,0,0,0,0,0,0,0,0,0,0,0,0,0,0,0,0,0,0,0,0,0,0,0,0,0,0,0,0,0,0,0,0,0,0,0,0,0,0,0,0,0,1,0,0,0,0,1,0,2.0,82.0,4.6
13210,0,0,1,0,0,0,0,1,0,1,0,0,0,0,0,0,0,0,1,0,0,0,0,0,0,0,0,0,0,0,0,0,0,0,0,0,0,0,0,0,0,0,1,0,0,0,0,0,2,0,0,0,0,2,0,1.0,131.0,4.05
13212,0,0,0,0,0,0,0,0,0,0,0,0,0,0,0,0,0,0,1,0,0,0,0,0,0,0,0,0,0,0,0,0,0,0,1,0,0,0,0,0,0,0,1,0,0,0,0,0,0,0,0,0,0,1,0,2.0,51.0,4.2
13217,0,0,1,0,0,0,0,0,0,0,0,0,0,0,0,0,0,0,2,0,0,0,0,1,0,0,0,1,0,0,0,0,0,0,0,0,0,0,0,0,0,0,1,0,0,0,0,0,2,0,0,0,0,2,0,1.0,1046.5,4.35
13220,0,0,0,0,0,0,0,0,0,0,0,0,0,0,0,0,0,0,0,0,0,0,1,0,0,1,0,1,0,0,0,0,0,0,0,0,0,0,0,0,0,0,0,0,0,0,0,0,2,0,0,0,0,2,0,1.5,485.5,3.55
13250,0,0,0,0,0,0,0,0,0,0,0,1,1,0,1,0,0,0,1,0,0,0,0,0,0,0,1,0,0,0,0,0,0,0,0,0,0,0,0,0,0,0,0,0,0,0,0,0,1,0,0,0,0,1,0,2.0,28.0,3.3
13302,0,0,0,0,0,0,0,0,0,0,0,0,0,0,0,0,0,0,0,0,0,0,0,0,0,0,0,0,0,0,0,0,0,0,0,0,0,0,0,0,0,0,0,0,0,0,0,0,1,0,0,0,0,1,0,,2.0,5.0
13320,0,0,1,0,0,0,0,1,0,0,0,0,0,0,0,0,0,0,1,0,0,0,0,0,0,0,0,0,0,0,0,0,0,0,0,0,0,0,0,0,0,0,1,0,0,0,0,0,1,0,0,0,0,1,0,1.0,484.0,3.5
13328,0,0,1,0,0,0,0,1,0,0,0,0,0,0,0,0,0,0,1,0,0,0,0,0,0,0,0,0,0,0,0,0,0,0,0,0,0,0,0,0,0,0,1,0,0,0,0,0,1,0,0,0,0,1,0,1.0,149.0,4.1
13331,0,0,0,0,0,0,0,0,0,0,0,0,0,0,0,0,0,0,0,0,0,0,0,0,0,0,0,1,0,0,0,0,0,0,0,0,0,0,0,0,0,0,0,0,0,0,0,0,1,0,0,0,0,0,1,,0.0,0.0
13344,0,0,1,0,0,0,0,1,0,0,0,0,0,0,0,0,0,0,1,0,0,0,0,0,0,0,0,0,0,0,0,0,0,0,0,0,0,0,0,0,0,0,1,0,0,0,0,0,1,0,0,0,0,1,0,1.0,113.0,3.8
13412,0,0,0,0,0,0,0,0,0,0,0,0,0,0,0,0,0,0,1,0,0,0,0,0,0,0,0,0,0,0,0,0,0,0,1,1,0,0,0,0,0,0,1,0,0,0,0,0,0,0,0,0,0,1,0,1.0,111.0,4.2
13415,0,0,1,0,0,0,0,1,0,0,0,0,0,0,0,0,0,0,1,0,0,0,0,0,0,0,0,0,0,0,0,0,0,0,0,0,0,0,0,0,0,0,1,0,0,0,0,0,1,0,0,0,0,1,0,1.0,91.0,3.8
13430,0,0,1,0,0,0,0,1,0,0,0,0,0,0,0,0,0,0,1,0,0,0,0,0,0,0,0,0,0,0,0,0,0,0,0,0,0,0,0,0,0,0,1,0,0,0,0,0,1,0,0,0,0,1,0,1.0,114.0,3.8
13442,0,0,0,0,0,0,0,0,0,0,0,0,0,0,0,0,0,0,0,0,0,0,0,0,0,0,0,0,0,0,1,0,0,0,0,0,0,0,0,0,0,0,0,0,0,0,0,0,1,0,0,0,0,1,0,,31.0,3.7
13449,0,0,0,0,0,0,0,0,0,0,0,0,0,0,0,0,0,0,0,0,0,0,0,0,0,0,0,0,0,0,1,0,0,0,0,0,0,0,0,0,0,0,0,0,0,0,0,0,1,0,0,0,0,1,0,,13.0,4.5
13460,0,0,0,0,0,0,0,0,0,0,0,0,0,0,0,0,0,0,0,0,1,0,0,0,0,0,0,1,0,0,0,0,0,0,0,0,0,0,0,0,0,0,0,0,0,0,0,0,1,0,0,0,0,1,0,1.0,235.0,4.9
13482,0,0,0,0,0,0,0,0,0,0,0,0,1,0,0,0,0,0,1,0,0,0,0,0,0,0,0,0,0,0,0,0,0,0,0,0,0,0,0,0,0,0,0,0,0,0,0,0,1,0,0,0,0,1,0,,5.0,2.6
13505,0,0,0,0,0,0,0,1,0,0,0,1,0,1,0,1,0,0,2,0,1,0,0,1,0,0,0,2,0,0,0,0,0,0,0,0,0,0,0,0,0,0,0,0,0,0,0,0,3,0,0,0,1,2,0,1.6666666666666667,505.0,4.166666666666667
13515,0,0,0,0,0,0,0,0,0,1,0,0,0,0,0,0,0,0,0,0,0,0,0,0,0,0,0,0,0,0,0,0,0,0,0,0,0,0,0,0,0,0,0,0,0,0,0,0,1,0,0,0,0,1,0,,544.0,4.0
13525,0,0,0,0,0,0,0,0,0,1,0,0,0,0,0,0,0,0,1,0,1,0,0,1,0,0,0,1,0,0,0,0,0,0,0,0,0,0,0,0,0,0,0,0,0,0,0,0,2,0,0,0,0,2,0,1.0,313.0,4.05
13529,0,0,0,0,0,0,0,0,0,0,0,0,0,0,0,0,0,0,1,0,0,0,0,0,0,0,0,0,0,0,0,0,0,0,0,0,0,0,0,0,0,0,1,0,0,0,0,0,0,0,0,0,0,1,0,2.0,101.0,3.9
13536,0,0,1,0,0,0,0,0,0,0,0,0,0,0,0,0,0,0,1,0,0,0,0,0,0,0,0,0,0,0,0,0,0,0,0,0,0,0,0,0,0,0,1,0,0,0,0,0,1,0,0,0,0,1,0,1.0,260.0,4.2
13541,0,0,1,0,0,0,0,1,0,0,0,0,0,0,0,0,0,0,1,0,0,0,0,0,0,0,0,0,0,0,0,0,0,0,0,0,0,0,0,0,0,0,1,0,0,0,0,0,1,0,0,0,0,1,0,1.0,71.0,3.0
13602,0,0,0,0,0,0,0,0,0,0,0,1,1,0,0,0,0,0,1,0,0,0,0,0,0,0,0,0,0,0,0,0,0,0,0,0,0,0,0,0,0,0,0,0,0,0,0,0,1,0,0,0,0,1,0,2.0,82.0,3.3
13603,0,0,0,0,0,0,0,0,0,1,0,0,0,0,0,1,0,0,0,0,1,0,0,0,0,0,0,1,0,0,0,0,0,0,0,0,0,0,0,0,0,0,0,0,0,0,0,0,1,0,0,0,0,1,0,,1903.0,4.9
13640,0,0,1,0,0,0,0,1,0,0,0,0,0,0,0,0,0,0,1,0,0,0,0,0,0,0,0,0,0,0,0,0,0,0,0,0,0,0,0,0,0,0,1,0,0,0,0,0,1,0,0,0,0,1,0,1.0,244.0,3.7
13657,0,0,0,0,0,0,0,0,0,0,0,0,0,0,0,0,0,0,0,0,0,0,0,0,0,0,0,0,0,0,0,0,0,0,0,0,0,0,0,0,0,0,0,0,0,0,0,0,1,0,0,0,0,1,0,2.0,99.0,3.3
13706,0,0,1,0,0,0,0,1,0,0,0,0,0,0,0,0,0,0,1,0,0,0,0,0,0,0,0,0,0,0,0,0,0,0,0,0,0,0,0,0,0,0,1,0,0,0,0,0,1,0,0,0,0,1,0,,62.0,4.2
13720,0,0,0,0,0,0,0,0,0,0,0,0,0,0,0,0,0,0,0,0,1,0,0,0,0,0,0,1,0,0,0,0,0,0,0,0,0,0,0,0,0,0,0,0,0,0,0,0,1,0,0,0,0,1,0,1.0,123.0,4.5
13765,0,0,0,0,0,0,0,0,0,0,0,0,0,0,0,0,0,0,1,0,0,0,0,0,0,0,0,0,0,0,0,0,0,0,1,1,0,0,0,0,0,0,1,0,0,0,0,0,0,0,0,0,0,1,0,2.0,569.0,4.2
13801,0,0,1,0,0,0,0,1,0,0,0,0,0,0,0,0,0,0,1,0,0,0,0,0,0,0,0,0,0,0,0,0,0,0,0,0,0,0,0,0,0,0,1,0,0,0,0,0,1,0,0,0,0,1,0,1.0,181.0,3.8
13810,0,0,1,0,0,0,0,1,0,0,0,0,0,0,0,0,0,0,1,0,0,0,0,0,0,0,0,0,0,0,0,0,0,0,0,0,0,0,0,0,0,0,1,0,0,0,0,0,1,0,0,0,0,1,0,,41.0,4.9
13811,0,0,0,0,0,0,0,1,0,0,0,0,0,0,0,0,0,0,1,0,0,0,0,0,0,0,0,0,0,0,0,0,0,0,0,0,0,0,0,0,0,0,1,0,0,0,0,0,1,0,0,0,0,1,0,1.0,536.0,3.1
13824,0,0,0,1,0,0,0,0,0,0,0,0,0,0,0,0,0,0,1,0,0,0,0,0,0,0,0,0,0,0,0,0,0,0,0,0,0,0,0,0,0,0,1,0,0,0,0,0,0,0,0,0,0,1,0,2.0,86.0,4.0
13830,0,0,0,0,0,0,0,0,0,1,0,0,0,0,0,0,0,0,0,0,0,0,0,0,0,0,0,0,0,0,0,0,0,0,0,0,0,0,0,0,0,0,0,0,0,0,0,0,1,0,0,0,1,0,0,,55.0,4.7
13837,0,0,0,0,0,0,0,0,0,0,0,0,0,0,0,0,0,0,1,0,0,0,0,1,0,0,0,0,0,0,0,0,0,0,0,0,0,0,0,0,0,0,0,0,0,0,0,0,1,0,0,0,0,1,0,,399.0,3.4
13844,0,0,0,0,0,0,0,0,0,0,0,0,0,0,0,0,0,0,1,0,0,0,0,0,0,0,0,0,0,0,0,0,0,0,1,0,0,0,0,0,0,0,1,0,0,0,0,0,0,0,0,0,0,1,0,1.0,74.0,3.9
13850,0,0,1,0,0,0,0,1,0,0,0,0,0,0,0,0,0,0,1,0,0,0,0,0,0,0,0,0,0,0,0,0,0,0,0,0,0,0,0,0,0,0,1,0,0,0,0,0,1,0,0,0,0,1,0,1.0,76.0,4.1
13890,0,0,0,0,0,0,0,0,0,0,0,0,0,0,0,0,0,0,0,0,0,0,0,0,0,0,0,0,0,0,1,0,0,0,0,0,0,0,0,0,0,0,0,0,0,0,0,0,1,0,0,0,0,1,0,,43.0,4.2
13911,0,0,0,0,0,0,1,0,0,0,0,0,0,0,0,1,0,0,0,0,0,0,0,0,0,0,0,1,0,0,0,0,0,0,0,0,1,0,0,0,0,0,0,0,0,0,0,0,1,0,0,0,0,1,0,,454.0,4.7
13915,0,0,0,0,0,0,0,0,0,0,0,1,0,0,0,0,0,0,0,0,0,0,0,0,0,0,0,0,0,0,0,0,0,0,0,0,0,0,0,0,0,0,0,0,0,0,0,0,1,0,0,0,0,1,0,1.0,269.0,4.2
14116,0,0,0,0,0,0,0,0,0,0,0,0,1,0,0,0,0,0,2,0,0,0,0,1,0,0,0,0,0,0,0,0,0,0,0,0,0,0,0,0,0,0,0,0,0,0,0,0,2,0,0,0,0,0,2,,1.0,2.0
14120,0,0,0,0,0,0,0,0,0,0,0,0,0,0,0,0,0,0,0,0,0,0,0,0,0,0,0,0,0,0,1,0,0,0,0,0,0,0,0,0,0,0,0,0,0,0,0,0,1,0,0,0,0,1,0,,31.0,3.8
14122,0,0,0,0,0,0,0,0,0,0,0,0,0,0,0,0,0,0,1,0,0,0,0,0,0,0,0,0,0,0,0,0,0,0,0,0,0,0,0,0,0,0,1,0,0,0,0,0,0,0,0,0,0,1,0,2.0,1275.0,4.3
14202,0,0,0,0,0,0,0,0,0,0,0,0,0,0,0,0,0,0,1,0,0,0,0,0,0,0,0,0,0,0,0,0,0,0,0,0,0,0,0,0,0,0,1,0,0,0,0,0,0,0,0,0,0,1,0,1.0,383.0,3.7
14219,0,0,0,0,0,0,0,0,0,0,0,1,0,0,0,0,0,0,0,0,0,0,0,0,0,0,0,0,0,0,0,0,0,0,0,0,0,0,0,0,0,0,0,0,0,0,0,0,1,0,0,0,0,0,1,,2.0,4.0
14401,0,0,1,0,0,0,0,1,0,0,0,0,0,0,0,0,0,0,1,0,0,0,0,0,0,0,0,0,0,0,0,0,0,0,0,0,0,0,0,0,0,0,1,0,0,0,0,0,1,0,0,0,0,1,0,1.0,311.0,4.1
14402,0,0,0,0,0,0,0,0,0,0,0,0,0,1,0,0,0,0,0,0,0,0,0,0,0,0,0,0,0,0,0,0,0,0,0,0,0,0,0,0,0,0,0,0,0,0,0,0,1,0,0,0,0,0,1,,4.0,4.3
14412,0,0,0,0,0,0,0,0,0,0,0,0,0,0,0,0,0,0,1,0,0,0,0,0,0,0,0,0,0,0,0,0,0,0,0,0,0,0,0,0,0,0,1,0,0,0,0,0,0,0,0,0,0,1,0,,35.0,4.2
14417,0,0,0,0,0,0,0,0,0,0,0,0,0,0,0,0,0,0,0,0,0,0,0,0,0,1,0,0,0,0,0,0,0,0,0,0,0,0,0,0,0,0,0,0,0,0,0,0,1,0,0,0,0,1,0,,4.0,2.8
14507,0,0,0,0,0,0,0,0,0,0,0,0,0,0,0,0,0,0,1,0,0,0,0,0,0,0,0,0,0,0,0,0,0,0,0,0,0,0,0,0,0,0,1,0,0,0,0,0,0,0,0,0,0,1,0,1.0,316.0,4.0
14552,0,0,0,0,0,0,0,0,0,0,0,0,0,0,0,0,0,0,0,0,0,0,0,0,0,0,0,0,0,0,0,0,0,0,0,0,0,0,0,0,0,0,0,0,0,0,0,0,1,0,0,0,0,1,0,1.0,11.0,3.8
14601,0,0,1,0,0,0,0,1,0,0,0,0,0,0,0,0,0,0,1,0,0,0,0,0,0,0,0,0,0,0,0,0,0,0,0,0,0,0,0,0,0,0,1,0,0,0,0,0,1,0,0,0,0,1,0,1.0,255.0,3.7
14605,0,0,0,0,0,0,0,0,0,0,0,0,0,0,0,0,0,0,1,0,0,0,0,0,0,0,0,0,0,0,0,0,0,0,1,0,0,0,0,0,0,0,1,0,0,0,0,0,0,0,0,0,0,1,0,,174.0,4.4
14611,0,0,0,0,0,0,0,0,0,0,0,0,0,0,0,0,0,0,1,0,0,0,0,0,0,0,0,0,0,0,0,0,0,0,1,0,0,0,0,0,0,0,1,0,0,0,0,0,0,0,0,0,0,1,0,1.0,81.0,3.6
14614,0,0,0,0,0,0,0,0,0,0,0,0,0,0,0,0,0,0,1,0,0,0,0,1,0,0,0,0,0,0,0,0,0,0,0,0,0,0,0,0,0,0,0,0,0,0,0,0,1,0,0,0,0,1,0,,3.0,4.7
14625,0,0,1,0,0,0,0,1,0,0,0,0,0,0,0,0,0,0,1,0,0,0,0,0,0,0,0,0,0,0,0,0,0,0,0,0,0,0,0,0,0,0,1,0,0,0,0,0,1,0,0,0,0,1,0,1.0,272.0,4.0
14636,0,0,1,0,0,0,0,1,0,0,0,0,0,0,0,0,0,0,1,0,0,0,0,0,0,0,0,0,0,0,0,0,0,0,0,0,0,0,0,0,0,0,1,0,0,0,0,0,1,0,0,0,0,1,0,1.0,95.0,4.0
14702,0,0,0,0,0,0,0,0,0,0,0,0,0,0,0,0,0,0,1,0,0,0,0,1,0,0,0,0,0,0,0,0,0,0,0,0,0,0,0,0,0,0,0,0,0,0,0,0,1,0,0,0,0,1,0,,2.0,2.0
14704,0,0,0,0,0,0,0,0,0,0,0,0,0,0,0,1,0,0,0,0,0,0,0,0,0,0,0,0,0,0,0,0,0,0,0,0,0,0,0,0,0,0,0,0,0,0,0,0,1,0,0,0,0,0,1,,0.0,0.0
14718,0,0,0,0,0,0,0,0,0,0,0,0,0,0,0,0,0,0,1,0,0,0,0,1,0,0,0,0,0,0,0,0,0,0,0,0,0,0,0,0,0,0,0,0,0,0,0,0,1,0,0,0,0,1,0,,1.0,5.0
14720,0,0,0,0,0,0,0,0,0,0,0,0,0,0,0,0,0,0,1,0,0,0,0,0,0,0,0,0,0,0,0,0,0,0,1,0,0,0,0,0,0,0,1,0,0,0,0,0,0,0,0,0,0,1,0,1.0,143.0,4.4
14722,0,0,0,0,0,0,0,0,0,0,0,0,0,0,0,0,0,0,1,0,0,0,0,1,0,0,0,0,0,0,0,0,0,0,0,0,0,0,0,0,0,0,0,0,0,0,0,0,1,0,0,0,0,1,0,,11.0,3.9
14748,0,0,0,0,0,0,0,0,0,0,0,0,0,0,0,0,0,0,1,0,0,0,0,0,0,0,0,0,0,0,0,0,0,0,0,0,0,0,0,0,0,0,1,0,0,0,0,0,0,0,0,0,0,1,0,,19.0,4.9
14815,0,0,0,0,0,0,0,0,0,0,0,0,0,0,0,0,0,0,0,0,0,0,0,0,0,0,0,0,0,0,0,0,0,0,0,0,0,0,0,0,0,0,0,0,0,0,0,0,1,0,0,0,1,0,0,,51.0,3.9
14901,0,0,0,0,0,0,0,0,0,0,0,0,0,0,0,0,0,0,0,0,1,0,0,0,0,0,0,1,0,0,0,0,0,0,0,0,0,0,0,0,0,0,0,0,0,0,0,0,1,0,0,0,1,0,0,,38.0,3.7
14908,0,0,0,0,0,0,0,0,0,0,0,0,0,0,0,0,0,0,1,0,0,0,0,0,0,0,0,0,0,0,0,0,0,0,0,0,0,0,0,0,0,0,1,0,0,0,0,0,0,0,0,0,0,1,0,2.0,190.0,4.1
14909,0,0,0,0,0,0,0,0,0,0,0,0,0,0,0,0,0,0,2,0,0,0,0,0,0,0,0,0,0,0,0,0,0,0,2,0,0,0,0,0,0,0,2,0,0,0,0,0,0,0,0,0,0,2,0,1.0,57.5,4.15
14926,0,0,0,0,0,0,0,0,0,0,0,0,0,0,0,0,0,0,0,0,1,0,0,0,0,0,0,1,0,0,0,0,0,0,0,0,0,0,0,0,0,0,0,0,0,0,0,0,1,0,0,0,1,0,0,,265.0,3.4
14928,0,0,0,0,0,0,0,0,0,0,0,1,1,0,1,0,0,0,1,0,0,0,0,0,0,0,1,0,0,0,0,0,0,0,0,0,0,0,0,0,0,0,0,0,0,0,0,0,1,0,0,0,0,1,0,2.0,29.0,3.5
15006,0,0,0,0,0,0,0,0,0,0,0,0,0,0,0,0,0,0,0,0,0,0,0,0,0,0,0,0,0,0,1,0,0,0,0,0,0,0,0,0,0,0,0,0,0,0,0,0,1,0,0,0,0,1,0,,16.0,3.6
15015,0,0,0,0,0,0,0,0,0,0,0,0,0,0,0,0,0,0,1,0,0,0,0,1,0,0,0,0,0,0,0,0,0,0,0,0,0,0,0,0,0,0,0,0,0,0,0,0,1,0,0,0,1,0,0,,6.0,4.7
15029,0,0,1,0,0,0,0,1,0,0,0,0,0,0,0,0,0,0,1,0,0,0,0,0,0,0,0,0,0,0,0,0,0,0,0,0,0,0,0,0,0,0,1,0,0,0,0,0,1,0,0,0,0,1,0,1.0,99.0,4.1
15317,0,0,0,0,0,0,0,0,0,0,0,0,0,0,0,0,0,0,0,0,0,0,0,0,0,1,0,0,0,0,0,0,0,0,0,0,0,0,0,0,0,0,0,0,0,0,0,0,1,0,0,0,1,0,0,,54.0,4.7
15329,0,0,0,0,0,0,0,0,0,0,0,0,0,0,0,0,0,0,1,0,0,0,0,0,0,0,0,0,0,0,0,0,0,0,1,0,0,0,0,0,0,0,1,0,0,0,0,0,0,0,0,0,0,1,0,1.0,114.0,4.0
15341,0,0,0,0,0,0,0,0,0,0,0,0,0,0,0,0,0,0,1,0,0,0,0,0,0,0,0,0,0,0,0,0,0,0,0,0,0,0,0,0,0,0,1,0,0,0,0,0,0,0,0,0,0,1,0,2.0,356.0,3.7
15367,0,0,1,0,0,0,0,1,0,0,0,0,0,0,0,0,0,0,1,0,0,0,0,0,0,0,0,0,0,0,0,0,0,0,0,0,0,0,0,0,0,0,1,0,0,0,0,0,1,0,0,0,0,1,0,1.0,765.0,4.1
15375,0,0,0,0,0,0,0,0,0,0,0,0,0,0,0,0,0,0,0,0,0,0,0,0,0,0,0,0,0,0,0,0,0,0,0,0,0,0,0,0,0,0,0,0,0,0,0,0,1,0,0,0,1,0,0,2.0,32.0,3.7
15403,0,0,0,0,0,0,0,0,0,0,0,0,0,0,0,0,0,0,1,0,0,0,0,0,0,0,0,0,0,0,0,0,0,0,0,0,0,0,0,0,0,0,1,0,0,0,0,0,0,0,0,0,0,1,0,2.0,84.0,4.2
15416,0,0,0,0,0,0,0,0,0,0,0,0,0,0,0,0,0,0,0,0,0,0,0,0,0,0,0,0,0,0,1,0,0,0,0,0,0,0,0,0,0,0,0,0,0,0,0,0,1,0,0,0,0,1,0,,36.0,4.2
15505,0,0,0,0,0,0,0,0,0,1,0,0,0,0,0,0,0,0,0,0,0,0,0,0,0,0,0,0,0,0,0,0,0,0,0,0,0,0,0,0,0,0,0,0,0,0,0,0,1,0,0,0,0,1,0,,515.0,3.7
15836,0,0,0,0,0,0,0,1,0,0,0,0,0,0,0,0,0,0,1,0,0,0,0,0,0,0,0,0,0,0,0,0,0,0,1,0,0,0,0,0,0,0,0,0,0,0,0,0,0,0,0,0,0,1,0,,95.0,4.7
15850,0,0,0,0,0,0,0,0,0,0,0,0,0,0,0,0,0,0,0,0,0,0,0,0,0,0,0,0,0,0,0,0,0,0,0,0,0,0,0,0,0,0,0,0,0,0,0,0,1,0,0,0,0,1,0,2.0,39.0,3.3
15901,0,0,0,0,0,0,0,0,0,0,0,0,0,0,0,0,0,0,0,0,0,0,0,0,0,0,1,0,0,0,0,0,0,0,0,0,0,0,0,0,0,0,0,0,0,0,0,0,1,0,0,0,0,1,0,,387.0,4.4
15916,0,0,0,0,0,0,0,0,0,0,0,0,0,0,0,0,0,0,0,0,0,0,0,0,0,0,1,0,0,0,0,0,0,0,0,0,0,0,0,0,0,1,0,0,0,0,0,0,1,0,0,0,1,0,0,,1.0,5.0
15926,0,0,0,0,0,0,0,0,0,0,0,0,0,0,0,0,0,0,0,0,0,0,0,0,0,0,0,0,0,0,1,0,0,0,0,0,0,0,0,0,0,0,0,0,0,0,0,0,1,0,0,0,0,1,0,,63.0,4.6
15934,0,0,0,0,0,0,0,0,0,0,0,1,1,0,1,0,0,0,1,0,0,0,0,0,0,0,1,0,0,0,0,0,0,0,0,0,0,0,0,0,0,0,0,0,0,0,0,0,1,0,0,0,0,1,0,2.0,75.0,2.7
16020,0,0,0,0,0,0,0,0,0,1,0,0,0,0,0,0,0,0,0,0,0,0,0,0,0,0,0,0,0,0,0,0,0,0,0,0,0,0,0,0,0,0,0,0,0,0,0,0,1,0,0,0,0,1,0,,527.0,3.8
16040,0,0,0,0,0,0,0,0,0,0,0,0,1,0,1,0,0,0,1,0,0,0,0,0,0,0,1,0,0,0,0,0,0,0,0,0,0,0,0,0,0,1,0,0,0,0,0,0,1,0,0,0,0,1,0,2.0,35.0,3.8
16057,0,0,0,0,0,0,0,0,0,0,0,0,0,0,0,0,0,0,1,0,0,0,0,0,0,0,0,0,0,0,0,0,0,0,0,0,0,0,0,0,0,0,1,0,0,0,0,0,0,0,0,0,0,1,0,1.0,94.0,3.7
16116,0,0,0,0,0,0,0,0,0,0,0,0,0,0,0,0,0,0,1,0,0,0,0,0,0,0,0,0,0,0,0,0,0,0,0,0,0,0,0,0,0,0,1,0,0,0,0,0,0,0,0,0,0,1,0,2.0,178.0,4.7
16150,0,0,0,1,0,0,0,0,0,0,0,0,0,0,0,0,0,0,1,0,0,0,0,0,0,0,0,0,0,0,0,0,0,0,0,0,0,0,0,0,0,0,1,0,0,0,0,0,0,0,0,0,0,1,0,2.0,219.0,4.2
16202,0,0,0,0,0,0,0,0,0,0,0,0,0,0,0,0,0,0,1,0,0,0,0,0,0,0,0,0,0,0,0,0,0,0,0,0,0,0,0,0,0,0,1,0,0,0,0,0,0,0,0,0,0,1,0,1.0,185.0,3.8
16220,0,1,0,0,0,0,0,0,0,0,0,0,0,0,0,0,1,0,1,0,0,0,0,1,0,0,0,0,0,0,1,0,0,0,0,0,0,0,0,0,0,0,0,0,0,0,0,0,1,0,0,0,0,1,0,,23.0,4.0
16238,0,0,0,0,0,0,0,0,0,0,0,0,0,0,0,0,0,0,0,0,0,0,0,0,0,0,0,1,0,0,0,0,0,0,0,0,0,0,0,0,0,0,0,0,0,0,0,0,1,0,0,0,0,0,1,,3.0,3.7
16254,0,0,0,0,0,0,0,0,0,0,0,0,0,0,0,0,0,0,0,0,0,0,0,0,0,1,0,1,0,0,0,0,0,0,0,0,0,0,0,0,0,0,0,0,0,0,0,0,1,0,0,0,0,1,0,2.0,123.0,4.5
16268,0,0,0,0,0,0,0,0,0,0,0,0,0,0,0,0,0,0,0,0,0,0,0,0,0,0,0,1,0,0,0,0,0,0,0,0,0,0,0,0,0,0,0,0,0,0,0,0,1,0,0,0,1,0,0,2.0,4.0,4.3
16302,0,0,1,0,0,0,0,1,0,0,0,0,0,0,0,0,0,0,1,0,0,0,0,0,0,0,0,0,0,0,0,0,0,0,0,0,0,0,0,0,0,0,1,0,0,0,0,0,1,0,0,0,0,1,0,1.0,219.0,3.8
16304,0,0,0,0,0,0,0,0,0,0,0,0,0,0,0,0,0,0,1,0,0,0,0,0,0,0,0,0,0,0,0,0,0,0,0,0,0,0,0,0,0,0,1,0,0,0,0,0,0,0,0,0,0,1,0,1.0,882.0,4.6
16417,0,0,0,0,0,0,0,0,0,0,0,0,0,0,0,0,0,0,1,0,0,0,0,0,0,0,0,0,0,0,0,0,0,0,0,0,0,0,0,0,0,0,1,0,0,0,0,0,0,0,0,0,0,1,0,1.0,252.0,4.3
16425,0,0,0,0,0,0,0,1,0,0,0,0,0,0,0,0,0,0,1,0,0,0,0,0,0,0,0,0,0,0,0,0,0,0,0,0,0,0,0,0,0,0,0,0,0,0,0,0,1,0,0,0,0,1,0,,0.0,0.0
16520,0,0,0,0,0,0,0,0,0,0,0,0,0,1,0,0,0,0,0,0,0,0,0,0,0,0,0,0,0,0,0,0,0,0,0,0,0,0,0,0,0,0,0,0,0,0,0,0,1,0,0,0,0,1,0,,132.0,4.2
16525,0,0,0,0,0,0,0,0,0,0,0,0,0,0,0,0,0,0,1,0,0,0,0,0,0,0,0,0,0,0,0,0,0,0,0,0,0,0,0,0,0,0,1,0,0,0,0,0,0,0,0,0,0,1,0,1.0,245.0,3.6
16594,0,0,0,0,0,0,0,0,0,0,0,0,0,0,0,0,0,0,0,0,0,0,0,0,0,1,0,0,0,0,0,0,0,0,0,0,0,0,0,0,0,0,0,0,0,0,0,0,1,0,0,0,1,0,0,,8.0,3.6
16610,0,0,0,0,0,0,0,0,0,0,0,0,0,0,0,0,0,0,1,0,1,0,0,1,0,0,0,1,0,0,0,0,0,0,0,0,0,0,0,0,0,0,0,0,0,0,0,0,1,0,0,0,0,1,0,1.0,848.0,3.9
16702,0,0,0,0,0,0,0,0,0,0,0,0,0,0,0,0,0,0,1,0,0,0,0,0,0,0,0,0,0,0,0,0,0,0,0,0,0,0,0,0,0,0,1,0,0,0,0,0,0,0,0,0,0,1,0,,28.0,4.7
16804,0,0,1,0,0,0,0,1,0,0,0,0,0,0,0,0,0,0,1,0,0,0,0,0,0,0,0,0,0,0,0,0,0,0,0,0,0,0,0,0,0,0,1,0,0,0,0,0,1,0,0,0,0,1,0,1.0,164.0,4.0
16822,0,0,1,0,0,0,0,1,0,0,0,0,0,0,0,0,0,0,1,0,0,0,0,0,0,0,0,0,0,0,0,0,0,0,0,0,0,0,0,0,0,0,1,0,0,0,0,0,1,0,0,0,0,1,0,1.0,407.0,3.8
16910,0,0,1,0,0,0,0,1,0,0,0,0,0,0,0,0,0,0,1,0,0,0,0,0,0,0,0,0,0,0,0,0,0,0,0,0,0,0,0,0,0,0,1,0,0,0,0,0,1,0,0,0,0,1,0,1.0,253.0,3.7
16923,0,0,0,0,0,0,0,1,0,0,0,0,0,0,0,0,0,0,1,0,0,0,0,0,0,0,0,0,0,0,0,0,0,0,0,0,0,0,0,0,0,0,0,0,0,0,0,0,1,0,0,0,1,0,0,2.0,87.0,4.3
16995,0,0,1,0,0,0,0,1,0,0,0,0,0,0,0,0,0,0,1,0,0,0,0,0,0,0,0,0,0,0,0,0,0,0,0,0,0,0,0,0,0,0,1,0,0,0,0,0,1,0,0,0,0,1,0,1.0,124.0,3.8
17201,0,0,0,0,0,0,0,0,0,0,0,0,1,0,0,0,0,0,1,0,0,0,0,0,0,0,0,0,0,0,0,0,0,0,0,0,0,0,0,0,0,0,0,0,0,0,0,0,1,0,0,0,0,0,1,,0.0,0.0
17235,0,0,0,0,0,0,0,0,0,0,0,0,0,0,0,0,0,0,1,0,0,0,0,0,0,0,0,0,0,0,0,0,0,0,1,0,0,0,0,0,0,0,1,0,0,0,0,0,0,0,0,0,0,1,0,2.0,487.0,4.1
17305,0,0,0,0,0,0,0,0,0,0,0,0,0,0,0,0,0,0,0,0,0,0,0,0,0,1,0,0,0,0,0,0,0,0,0,0,0,0,0,0,0,0,0,0,0,0,0,0,1,0,0,0,1,0,0,,137.0,4.7
17373,0,0,0,0,0,0,0,0,0,0,0,0,0,0,0,0,0,0,1,0,0,0,0,0,0,0,0,0,0,0,0,0,0,0,0,0,0,0,0,0,0,0,1,0,0,0,0,0,0,0,0,0,0,1,0,,22.0,4.2
17506,0,0,0,0,0,0,0,0,0,0,0,1,1,0,1,0,0,0,1,0,0,0,0,0,0,0,1,0,0,0,0,0,0,0,0,0,0,0,0,0,0,0,0,0,0,0,0,0,1,0,0,0,0,1,0,2.0,48.0,2.8
17709,0,0,0,0,0,0,0,0,0,0,0,0,0,0,0,0,0,0,1,0,0,0,0,0,0,0,0,0,0,0,0,0,0,0,1,0,0,0,0,0,0,0,1,0,0,0,0,0,0,0,0,0,0,1,0,1.0,90.0,3.9
17725,0,0,1,0,0,0,0,1,0,0,0,0,0,0,0,0,0,0,1,0,0,0,0,0,0,0,0,0,0,0,0,0,0,0,0,0,0,0,0,0,0,0,1,0,0,0,0,0,1,0,0,0,0,1,0,1.0,475.0,4.0
17801,0,0,0,0,0,0,0,0,0,0,0,0,0,0,0,0,0,0,0,0,0,0,0,0,0,0,0,0,0,0,0,0,0,0,0,0,0,0,0,0,0,0,0,0,0,0,0,0,1,0,0,0,0,1,0,2.0,49.0,2.7
17813,0,0,0,0,0,0,0,0,0,0,0,0,0,0,0,0,0,0,0,0,1,0,0,0,0,0,0,1,0,0,0,0,0,0,0,0,0,0,0,0,0,0,0,0,0,0,0,0,1,0,0,0,0,1,0,1.0,91.0,4.7
17817,0,0,0,0,0,0,0,0,0,0,0,0,0,0,0,0,0,0,1,0,0,0,0,0,0,0,0,0,0,0,0,0,0,0,1,0,0,0,0,0,0,0,1,0,0,0,0,0,0,0,0,0,0,1,0,1.0,32.0,4.1
17915,0,0,1,0,0,0,0,1,0,0,0,0,0,0,0,0,0,0,1,0,0,0,0,0,0,0,0,0,0,0,0,0,0,0,0,0,0,0,0,0,0,0,1,0,0,0,0,0,1,0,0,0,0,1,0,1.0,0.0,0.0
18412,0,0,0,0,0,0,0,0,0,0,0,0,0,0,0,0,0,0,1,0,0,0,0,1,0,0,0,0,0,0,0,0,0,0,0,0,0,0,0,0,0,0,0,0,0,0,0,0,1,1,0,0,0,1,0,,57.0,4.5
18502,0,0,0,0,0,0,0,0,0,0,0,0,0,0,0,0,0,0,1,0,0,0,0,0,0,0,0,0,0,0,1,0,0,0,0,0,0,0,0,0,0,0,0,0,0,0,0,0,1,0,0,0,0,1,0,,36.0,4.2
18511,0,0,0,0,0,0,0,0,0,0,0,0,0,0,0,0,0,0,0,0,0,0,0,0,0,0,0,0,0,0,1,0,0,0,0,0,0,0,0,0,0,0,0,0,0,0,0,0,1,0,0,0,0,1,0,,30.0,4.3
18523,0,0,0,0,0,0,0,0,0,0,0,0,0,0,0,0,0,0,1,0,0,0,0,0,0,0,0,0,0,0,0,0,0,0,0,0,0,0,0,0,0,0,1,0,0,0,0,0,0,0,0,0,0,1,0,2.0,211.0,4.4
18645,0,0,0,0,0,0,0,0,0,1,0,0,0,0,0,0,0,0,0,0,0,0,0,0,0,0,0,0,0,0,0,0,0,0,0,0,0,0,0,0,0,0,0,0,0,0,0,0,1,0,0,0,0,1,0,,522.0,3.6
18707,0,0,0,0,0,0,0,0,0,0,0,0,0,0,0,0,0,0,1,0,0,0,0,1,0,0,0,0,0,0,0,0,0,0,0,0,0,0,0,0,0,0,0,0,0,0,0,0,1,0,0,0,0,0,1,,3.0,4.7
18708,0,0,0,0,0,0,0,0,0,0,0,0,0,0,0,0,0,0,0,0,1,0,0,0,0,0,0,1,0,0,0,0,0,0,0,0,0,0,0,0,0,0,0,0,0,0,0,0,1,0,0,0,0,1,0,,1.0,2.0
18711,0,0,1,0,0,0,0,1,0,0,0,0,0,0,0,0,0,0,1,0,0,0,0,0,0,0,0,0,0,0,0,0,0,0,0,0,0,0,0,0,0,0,1,0,0,0,0,0,1,0,0,0,0,1,0,1.0,333.0,3.8
18714,0,0,0,0,0,0,0,0,0,0,0,0,0,0,0,0,0,0,1,0,0,0,0,0,0,0,0,0,0,0,0,0,0,0,0,0,0,0,0,0,0,0,1,0,0,0,0,0,0,0,0,0,0,1,0,1.0,113.0,3.9
18722,0,0,0,0,0,0,0,0,0,0,0,1,0,0,0,0,0,0,0,0,0,0,0,0,0,0,0,0,0,0,0,0,0,0,0,0,0,0,0,0,0,0,0,0,0,0,0,0,1,0,0,0,1,0,0,,7.0,5.0
18730,0,0,0,0,0,0,0,0,0,0,0,0,0,0,0,0,0,0,1,0,0,0,0,0,0,0,0,0,0,0,0,0,0,0,0,0,0,0,0,0,0,0,1,0,0,0,0,0,0,0,0,0,0,1,0,1.0,69.0,4.5
18803,0,0,0,0,0,0,0,0,0,0,0,0,0,0,0,0,0,0,1,0,0,0,0,0,0,0,0,0,0,0,0,0,0,0,0,0,0,0,0,0,0,0,1,0,0,0,0,0,0,0,0,0,0,1,0,1.0,62.0,3.7
18819,0,0,0,0,0,0,0,0,0,0,0,0,0,0,0,0,0,0,1,0,0,0,0,1,0,0,0,0,0,0,0,0,0,0,0,0,0,0,0,0,0,0,0,0,0,0,0,0,1,0,0,0,0,0,1,,2.0,5.0
18823,0,0,1,0,0,0,0,1,0,0,0,0,0,0,0,0,0,0,1,0,0,0,0,0,0,0,0,0,0,0,0,0,0,0,0,0,0,0,0,0,0,0,1,0,0,0,0,0,1,0,0,0,0,1,0,1.0,163.0,3.5
18905,0,0,1,0,0,0,0,1,0,0,0,0,0,0,0,0,0,0,1,0,0,0,0,0,0,0,0,0,0,0,0,0,0,0,0,0,0,0,0,0,0,0,1,0,0,0,0,0,1,0,0,0,0,1,0,1.0,197.0,3.9
18907,0,0,0,0,0,0,0,0,0,0,0,0,0,0,0,0,0,0,0,0,0,0,0,0,0,0,0,0,0,0,1,0,0,0,0,0,0,0,0,0,0,0,0,0,0,0,0,0,1,0,0,0,0,1,0,,9.0,4.8
18913,0,0,0,0,0,0,0,0,0,0,0,0,1,0,0,0,0,0,1,0,0,0,0,0,0,0,0,0,0,0,0,0,0,0,0,0,0,0,0,0,0,0,0,0,0,0,0,0,1,0,0,0,0,1,0,,1.0,5.0
18933,0,0,0,0,0,0,0,0,0,0,0,0,0,0,0,0,0,0,1,0,0,0,0,0,0,0,0,0,0,0,0,0,0,0,0,0,0,0,0,0,0,0,1,0,0,0,0,0,0,0,0,0,0,1,0,1.0,1056.0,4.2
18934,0,0,0,0,0,0,0,0,0,0,0,0,0,1,0,0,0,0,0,0,0,0,0,0,0,0,0,0,0,0,0,0,0,0,0,0,0,0,0,0,0,0,0,0,0,0,0,0,1,0,0,0,0,1,0,,2.0,5.0
19009,0,0,0,0,0,0,0,0,0,0,0,0,0,0,0,0,0,0,1,0,0,0,0,0,0,0,0,0,0,0,0,0,0,0,0,0,0,0,0,0,0,0,1,0,0,0,0,0,0,0,0,0,0,1,0,1.0,252.0,4.5
19020,0,0,0,0,0,0,0,0,0,0,0,0,0,0,0,0,0,0,1,0,0,0,0,1,0,0,0,0,0,0,0,0,0,0,0,0,0,0,0,0,0,0,0,0,0,0,0,0,1,0,0,0,0,1,0,,3.0,4.7
19212,0,0,0,0,0,0,0,1,0,0,0,0,0,0,0,0,0,0,1,0,0,0,0,0,0,0,0,0,0,0,0,0,0,0,0,0,0,0,0,0,0,0,0,0,0,0,0,0,1,0,0,0,0,0,1,,0.0,0.0
19403,0,0,0,0,0,0,0,0,0,0,0,0,0,0,0,0,0,0,1,0,0,0,0,0,0,0,0,0,0,0,0,0,0,0,0,0,0,0,0,0,0,0,1,0,0,0,0,0,0,0,0,0,0,1,0,,39.0,4.7
19416,0,0,0,0,0,0,0,0,0,0,0,0,0,0,0,1,0,0,0,0,0,0,0,0,0,0,0,0,0,0,0,0,0,0,0,0,0,0,0,0,0,0,0,0,0,0,0,0,1,0,0,0,0,1,0,2.0,22.0,4.4
19517,0,0,0,0,0,0,0,0,0,0,0,0,0,0,0,0,0,0,0,0,0,0,0,0,0,0,0,0,0,0,1,0,0,0,0,0,0,0,0,0,0,0,0,0,0,0,0,0,1,0,0,0,0,1,0,,12.0,2.9
19519,0,0,0,0,0,0,0,0,0,0,0,0,0,0,0,0,0,0,1,0,0,0,0,0,0,0,0,0,0,0,0,0,0,0,1,0,0,0,0,0,0,0,1,0,0,0,0,0,0,0,0,0,0,1,0,1.0,50.0,3.5
19525,0,0,0,0,0,0,0,0,0,0,0,0,0,0,0,0,0,0,1,0,0,0,0,1,0,0,0,0,0,0,0,0,0,0,0,0,0,0,0,0,0,0,0,0,0,0,0,0,1,1,0,0,0,1,0,,619.0,3.8
19605,0,0,1,0,0,0,0,1,0,0,0,0,0,0,0,0,0,0,1,0,0,0,0,0,0,0,0,0,0,0,0,0,0,0,0,0,0,0,0,0,0,0,1,0,0,0,0,0,1,0,0,0,0,1,0,1.0,131.0,4.0
19702,0,0,0,0,0,0,0,0,0,0,0,0,0,0,0,0,0,0,1,0,0,0,0,0,0,0,0,0,0,0,0,0,0,0,0,0,0,0,0,0,0,0,1,0,0,0,0,0,0,0,0,0,0,1,0,1.0,253.0,3.9
19901,0,0,0,0,0,0,0,0,0,0,0,0,0,0,0,0,0,0,1,0,0,0,0,0,0,0,0,0,0,0,0,0,0,0,1,0,0,0,0,0,0,0,1,0,0,0,0,0,0,0,0,0,0,1,0,2.0,95.0,4.4
19909,0,0,0,0,0,0,0,0,0,0,0,1,0,0,0,0,0,0,1,0,0,0,0,1,0,0,0,0,0,0,0,0,0,0,0,0,0,0,0,0,0,0,0,0,0,0,0,0,1,1,0,0,0,1,0,1.0,195.0,3.4
19910,0,0,0,0,0,0,0,0,0,0,0,0,0,0,0,0,0,0,1,0,0,0,0,0,0,0,0,0,0,0,0,0,0,0,0,0,0,0,0,0,0,0,1,0,0,0,0,0,0,0,0,0,0,1,0,1.0,85.0,4.1
19911,0,0,0,0,0,0,0,0,0,0,0,0,0,0,0,0,0,0,0,0,0,0,0,0,0,0,0,0,0,0,0,0,0,0,0,0,0,0,0,0,0,0,0,0,0,0,0,0,1,0,0,0,0,1,0,,6.0,4.0
19914,0,0,0,0,0,0,0,0,0,0,0,0,0,0,0,0,0,0,1,0,0,0,0,0,0,0,0,0,0,0,0,0,0,0,1,0,0,0,0,0,0,0,1,0,0,0,0,0,0,0,0,0,0,1,0,2.0,52.0,3.9
20003,0,0,0,0,0,0,0,0,0,0,0,0,0,0,0,0,0,0,1,0,0,0,0,0,0,0,0,0,0,0,0,0,0,0,0,0,0,0,0,0,0,0,1,0,0,0,0,0,0,0,0,0,0,1,0,1.0,83.0,4.0
20206,0,0,0,0,0,0,0,0,0,0,0,0,0,0,0,0,0,0,1,0,0,0,0,0,0,0,0,0,0,0,0,0,0,0,0,1,0,0,0,0,0,0,1,0,0,0,0,0,0,0,0,0,0,1,0,1.0,43.0,4.2
20224,0,0,0,1,0,0,0,0,0,0,0,0,0,0,0,0,0,0,1,0,0,0,0,0,0,0,0,0,0,0,0,0,0,0,0,0,0,0,0,0,0,0,1,0,0,0,0,0,0,0,0,0,0,1,0,,47.0,4.3
20234,0,0,0,0,0,0,0,0,0,0,0,0,0,0,0,0,0,0,0,0,0,0,0,0,0,1,0,1,0,0,0,0,0,0,0,0,0,0,0,0,0,0,0,0,0,0,0,0,1,0,0,0,1,0,0,2.0,4.0,5.0
20307,0,0,0,0,0,0,0,0,0,0,0,0,0,0,0,0,0,0,0,0,0,0,0,0,0,0,0,0,0,0,0,0,0,0,0,0,0,0,0,0,0,0,0,0,0,0,0,0,1,0,0,0,1,0,0,,30.0,4.2
20413,0,0,0,0,0,0,0,0,0,0,0,0,0,0,0,0,0,0,0,0,0,0,0,0,0,0,0,0,0,0,1,0,0,0,0,0,0,0,0,0,0,0,0,0,0,0,0,0,1,0,0,0,0,1,0,,39.0,3.6
20503,0,0,0,0,0,0,0,0,0,0,0,0,0,0,0,0,0,0,1,0,0,0,0,0,0,0,0,0,0,0,0,0,0,0,0,0,0,0,0,0,0,0,1,0,0,0,0,0,0,0,0,0,0,1,0,1.0,126.0,4.0
20505,0,0,0,0,0,0,0,0,0,0,0,0,0,0,0,0,0,0,2,0,0,0,0,1,0,0,0,0,0,0,0,0,0,0,0,0,0,0,0,0,0,0,1,0,0,0,0,0,1,0,0,0,0,2,0,,42.5,4.6
20507,0,0,1,0,0,0,0,0,0,0,0,0,0,0,0,0,0,0,1,0,0,0,0,0,0,0,0,0,0,0,0,0,0,0,0,0,0,0,0,0,0,0,0,0,0,0,0,0,1,0,0,0,1,0,0,1.0,137.0,4.3
20520,0,0,0,0,0,0,0,0,0,0,0,0,0,0,0,1,0,0,0,0,0,0,0,0,0,0,0,0,0,0,1,0,0,0,0,0,0,0,0,0,0,0,0,0,0,0,0,0,2,0,0,0,0,2,0,2.0,22.0,3.55
20523,0,0,0,0,0,0,0,0,0,0,0,0,0,0,0,0,0,0,1,0,0,0,0,0,0,0,0,0,0,0,0,0,0,0,1,1,0,0,0,0,0,0,1,0,0,0,0,0,0,0,0,0,0,1,0,1.0,55.0,4.2
20601,0,0,0,0,0,0,0,0,0,0,0,0,0,0,0,1,0,0,0,0,0,0,0,0,0,0,0,0,0,0,0,0,0,0,0,0,0,0,0,0,0,0,0,0,0,0,0,0,2,0,0,0,1,1,0,1.0,24.0,3.55
20801,0,0,0,0,0,0,0,0,0,0,0,0,0,0,0,0,0,0,1,0,0,0,0,0,0,0,0,0,0,0,0,0,0,0,0,0,0,0,0,0,0,0,1,0,0,0,0,0,0,0,0,0,0,1,0,2.0,422.0,4.4
20815,0,0,1,0,0,0,0,1,0,0,0,0,0,0,0,0,0,0,1,0,0,0,0,0,0,0,0,0,0,0,0,0,0,0,0,0,0,0,0,0,0,0,1,0,0,0,0,0,1,0,0,0,0,1,0,1.0,102.0,4.0
20818,0,0,0,0,0,0,0,0,0,0,0,0,0,0,0,0,0,0,1,0,0,0,0,0,0,0,0,0,0,0,0,0,0,0,1,0,0,0,0,0,0,0,1,0,0,0,0,0,0,0,0,0,0,1,0,1.0,92.0,4.6
21119,0,0,0,0,0,0,0,0,0,0,0,0,0,0,0,0,0,0,0,0,0,0,0,0,0,0,0,0,1,0,0,0,0,0,0,0,0,0,0,0,0,0,0,0,0,0,0,0,1,0,0,0,1,0,0,,31.0,4.4
21127,0,0,0,0,0,0,0,0,0,0,0,1,0,0,0,0,0,0,0,0,0,0,0,0,0,0,0,0,0,0,0,0,0,0,0,0,0,0,0,0,0,0,0,0,0,0,0,0,1,0,0,0,0,1,0,2.0,96.0,4.2
21151,0,0,0,0,0,0,0,0,0,0,0,0,0,0,0,0,0,0,1,0,0,0,0,0,0,0,0,0,0,0,0,0,0,0,0,0,0,0,0,0,0,0,1,0,0,0,0,0,0,0,0,0,0,1,0,,81.0,4.4
21161,0,0,0,0,0,0,0,0,0,0,0,0,0,0,0,0,0,0,1,0,0,0,0,0,0,0,0,0,0,0,0,0,0,0,0,0,0,0,0,0,0,0,1,0,0,0,0,0,0,0,0,0,0,1,0,1.0,211.0,4.0
21179,0,0,0,0,0,0,0,0,0,0,0,1,0,0,0,0,0,0,0,0,0,0,0,0,0,0,0,0,0,0,0,0,0,0,0,0,0,0,0,0,0,0,0,0,0,0,0,0,1,0,0,0,1,0,0,,49.0,4.2
21206,0,0,0,0,0,0,0,0,0,0,0,0,0,0,0,0,0,0,1,0,0,0,0,0,0,0,0,0,0,0,0,0,0,0,1,0,0,0,0,0,0,0,1,0,0,0,0,0,0,0,0,0,0,1,0,1.0,55.0,4.2
21229,0,0,0,0,0,0,0,0,0,0,0,0,0,0,0,1,0,0,0,0,0,0,0,0,0,0,0,1,0,0,0,0,0,0,0,0,0,0,0,0,0,0,0,0,0,0,0,0,1,0,0,0,0,0,1,,2.0,3.0
21232,0,0,0,0,0,0,0,0,0,0,0,0,0,0,0,0,0,0,1,0,0,0,0,0,0,0,0,0,0,0,0,0,0,0,0,0,0,0,0,0,0,0,1,0,0,0,0,0,0,0,0,0,0,1,0,2.0,84.0,4.2
21295,0,0,1,0,0,0,0,1,0,0,0,0,0,0,0,0,0,0,1,0,0,0,0,0,0,0,0,0,0,0,0,0,0,0,0,0,0,0,0,0,0,0,1,0,0,0,0,0,1,0,0,0,0,1,0,1.0,115.0,3.9
21315,0,0,0,0,0,0,0,0,0,0,0,0,0,0,0,0,0,0,1,0,0,0,0,1,0,0,0,0,0,0,0,0,0,0,0,0,0,0,0,0,0,0,0,0,0,0,0,0,1,0,0,0,0,1,0,2.0,632.0,4.2
21421,0,0,0,0,0,0,0,0,0,0,0,0,0,0,0,0,0,0,1,0,0,0,0,0,0,0,0,0,0,0,0,0,0,0,0,0,0,0,0,0,0,0,1,0,0,0,0,0,0,0,0,0,0,1,0,,42.0,3.8
21436,0,0,0,0,0,0,0,0,0,0,0,0,0,0,0,0,0,0,0,0,0,0,0,0,0,0,0,0,0,0,1,0,0,0,0,0,0,0,0,0,0,0,0,0,0,0,0,0,1,0,0,0,0,1,0,,32.0,4.3
21450,0,0,0,0,0,0,0,0,0,0,0,0,0,0,0,0,0,0,1,0,1,0,0,1,0,0,0,1,0,0,0,0,0,0,0,0,0,0,0,0,0,0,0,0,0,0,0,0,1,0,0,0,0,1,0,1.0,241.0,3.8
21471,0,0,0,0,0,0,0,0,0,0,0,0,0,0,0,0,0,0,1,0,0,0,0,1,0,0,0,0,0,0,0,0,0,0,0,0,0,0,0,0,0,0,0,0,0,0,0,0,1,0,0,0,1,0,0,,6.0,3.5
21522,0,0,1,0,0,0,0,1,0,0,0,0,0,0,0,0,0,0,1,0,0,0,0,0,0,0,0,0,0,0,0,0,0,0,0,0,0,0,0,0,0,0,1,0,0,0,0,0,1,0,0,0,0,1,0,1.0,99.0,3.8
21539,0,0,0,0,0,0,0,0,0,0,0,0,0,0,0,0,0,0,0,0,0,0,0,0,0,0,0,0,0,0,1,0,0,0,0,0,0,0,0,0,0,0,0,0,0,0,0,0,1,0,0,0,0,1,0,,52.0,4.0
21550,0,0,0,0,0,0,0,0,0,0,0,0,1,0,0,0,0,0,1,0,0,0,0,0,0,0,0,0,0,0,0,0,0,0,0,0,0,0,0,0,0,0,0,0,0,0,0,0,1,0,0,0,0,1,0,,0.0,0.0
21705,0,0,0,0,0,0,0,0,0,0,0,1,0,0,0,0,0,0,0,0,0,0,0,0,0,0,1,0,0,0,0,0,0,0,0,0,0,0,0,0,0,0,0,0,0,0,0,0,2,0,0,0,2,0,0,,96.5,2.05
21707,0,0,0,0,0,0,0,0,0,0,0,0,0,0,0,0,0,0,1,0,0,0,0,0,0,0,0,0,0,0,0,0,0,0,1,0,0,0,0,0,0,0,1,0,0,0,0,0,0,0,0,0,0,1,0,1.0,121.0,4.0
21710,0,0,0,0,0,0,0,0,0,0,0,0,0,0,0,0,0,0,1,0,0,0,0,0,0,0,0,0,0,0,0,0,0,0,0,0,0,0,0,0,0,0,1,0,0,0,0,0,0,0,0,0,0,1,0,1.0,652.0,3.8
21795,0,0,0,0,0,0,0,0,0,0,0,0,0,0,0,0,0,0,1,0,0,0,0,0,0,0,0,0,0,0,0,0,0,0,0,0,0,0,0,0,0,0,1,0,0,0,0,0,0,0,0,0,0,1,0,2.0,341.0,3.8
21808,0,0,0,0,0,0,0,0,0,0,0,0,0,0,0,0,0,0,0,0,0,0,0,0,0,0,0,0,0,0,0,0,0,0,0,0,0,0,0,0,0,0,0,0,0,0,0,0,1,0,0,0,0,0,1,,1.0,3.0
21816,0,0,1,0,0,0,0,1,0,0,0,0,0,0,0,0,0,0,1,0,0,0,0,0,0,0,0,0,0,0,0,0,0,0,0,0,0,0,0,0,0,0,1,0,0,0,0,0,1,0,0,0,0,1,0,1.0,126.0,3.6
21817,0,0,0,0,0,0,0,0,0,0,0,0,0,0,0,0,0,0,0,0,0,0,0,0,0,0,0,0,0,0,0,0,0,0,0,0,0,0,0,0,0,0,0,0,0,0,0,0,1,0,0,0,0,1,0,,52.0,4.4
21820,0,0,0,0,0,0,0,0,0,0,0,0,0,0,0,0,0,0,1,0,0,0,0,0,0,0,0,0,0,0,0,0,0,0,0,0,0,0,0,0,0,0,1,0,0,0,0,0,0,0,0,0,0,1,0,1.0,139.0,3.7
21846,0,0,0,0,0,0,0,0,0,0,0,0,0,0,0,0,0,0,0,0,0,0,0,0,0,0,0,0,0,0,1,0,0,0,0,0,0,0,0,0,0,0,0,0,0,0,0,0,1,0,0,0,0,1,0,,25.0,4.0
21854,0,0,0,0,0,0,0,0,0,0,0,0,0,0,0,0,0,0,1,0,0,0,0,0,0,0,0,0,0,0,0,0,0,0,0,0,0,0,0,0,0,0,1,0,0,0,0,0,0,0,0,0,0,1,0,1.0,40.0,3.8
21882,0,0,0,0,0,0,0,0,0,0,0,0,0,0,0,0,0,0,1,0,0,0,0,0,0,0,0,0,0,0,0,0,0,0,0,0,0,0,0,0,0,0,1,0,0,0,0,0,0,0,0,0,0,1,0,2.0,27.0,4.2
21886,0,0,0,0,0,0,0,0,0,0,0,0,0,0,0,0,0,0,0,0,0,0,0,0,0,0,0,0,0,0,1,0,0,0,0,0,0,0,0,0,0,0,0,0,0,0,0,0,1,0,0,0,0,1,0,,4.0,4.8
21911,0,0,2,0,0,0,0,2,0,0,0,0,0,0,0,0,0,0,2,0,0,0,0,0,0,0,0,0,0,0,0,0,0,0,0,0,0,0,0,0,0,0,2,0,0,0,0,0,2,0,0,0,0,2,0,1.0,166.5,3.65
21914,0,0,0,0,0,0,0,0,0,0,0,1,1,0,1,0,0,0,1,0,0,0,0,0,0,0,1,0,0,0,0,0,0,0,0,0,0,0,0,0,0,0,0,0,0,0,0,0,1,0,0,0,0,1,0,2.0,28.0,3.7
21920,0,0,1,0,0,0,0,1,0,0,0,0,0,0,0,0,0,0,1,0,0,0,0,0,0,0,0,0,0,0,0,0,0,0,0,0,0,0,0,0,0,0,1,0,0,0,0,0,1,0,0,0,0,1,0,1.0,420.0,4.0
22007,0,0,0,0,0,0,0,0,0,1,0,0,0,0,0,0,0,0,0,0,0,0,0,0,0,0,0,0,0,0,0,0,0,0,0,0,0,0,0,0,0,0,0,0,0,0,0,0,1,0,0,0,0,1,0,,251.0,4.0
22011,0,0,0,0,0,0,0,0,0,0,0,0,0,0,0,0,0,0,1,0,0,0,0,0,0,0,0,0,0,0,0,0,0,0,1,0,0,0,0,0,0,0,1,0,0,0,0,0,0,0,0,0,0,1,0,1.0,75.0,3.6
22016,0,0,0,0,0,0,0,0,0,0,0,0,0,0,0,0,0,0,2,0,0,0,0,0,0,0,0,0,0,0,0,0,0,0,1,0,0,0,0,0,0,0,2,0,0,0,0,0,0,0,0,0,0,2,0,1.0,42.5,4.05
22020,0,0,0,1,0,0,0,0,0,0,0,0,0,0,0,0,0,0,1,0,0,0,0,0,0,0,0,0,0,0,0,0,0,0,0,0,0,0,0,0,0,0,1,0,0,0,0,0,0,0,0,0,0,1,0,2.0,406.0,4.7
22023,0,0,0,0,0,0,0,0,0,0,0,0,0,0,0,0,0,0,0,0,0,0,0,0,0,0,0,1,0,0,0,0,0,0,0,0,0,0,0,0,0,0,0,0,0,0,0,0,1,0,0,0,1,0,0,2.0,6.0,4.7
22103,0,0,0,0,0,0,0,0,0,0,0,0,0,0,0,0,0,0,1,0,0,0,0,1,0,0,0,0,0,0,0,0,0,0,0,0,0,0,0,0,0,0,0,0,0,0,0,0,1,0,0,0,0,1,0,,21.0,4.5
22115,0,0,0,0,0,0,0,0,0,0,0,0,0,0,0,0,0,0,1,0,0,0,0,1,0,0,0,0,0,0,0,0,0,0,0,0,0,0,0,0,0,0,0,0,0,0,0,0,1,0,0,0,0,1,0,,2.0,2.0
22119,0,0,0,0,0,0,0,0,0,0,0,1,0,0,0,0,0,0,0,0,0,0,0,0,0,0,0,0,0,0,0,0,0,0,0,0,0,0,0,0,0,0,0,0,0,0,0,0,1,0,0,0,0,0,1,,2.0,5.0
22122,0,0,0,0,0,0,0,0,0,0,0,0,0,0,0,0,0,0,0,0,0,0,0,0,0,0,0,0,0,0,1,0,0,0,0,0,0,0,0,0,0,0,0,0,0,0,0,0,1,0,0,0,0,1,0,,178.0,4.5
22201,0,0,0,0,0,0,0,0,0,0,0,0,0,0,0,0,0,0,1,0,0,0,0,1,0,0,0,0,0,0,0,0,0,0,0,0,0,0,0,0,0,0,0,0,0,0,0,0,1,0,0,0,0,1,0,,32.0,4.1
22207,0,0,0,1,0,0,0,0,0,0,0,0,0,0,0,0,0,0,1,0,0,0,0,0,0,0,0,0,0,0,0,0,0,0,0,0,0,0,0,0,0,0,1,0,0,0,0,0,0,0,0,0,0,1,0,2.0,291.0,4.4
22212,0,0,0,0,0,0,0,0,0,0,0,0,0,0,0,0,0,0,0,0,1,0,0,0,0,0,0,1,0,0,0,0,0,0,0,0,0,0,0,0,0,0,0,0,0,0,0,0,1,0,0,0,0,1,0,,13.0,5.0
22216,0,0,0,0,0,0,0,0,0,0,0,0,0,0,0,0,0,0,1,0,0,0,0,1,0,0,0,0,0,0,0,0,0,0,0,0,0,0,0,0,0,0,0,0,0,0,0,0,1,1,0,0,0,1,0,,27.0,3.6
22303,0,0,0,0,0,0,0,0,0,0,0,0,0,0,0,0,0,0,0,0,0,0,0,0,0,0,0,0,0,0,1,0,0,0,0,0,0,0,0,0,0,0,0,0,0,0,0,0,1,0,0,0,0,1,0,,35.0,3.8
22311,0,0,0,0,0,0,0,0,0,0,0,0,0,0,0,0,0,0,0,0,0,0,0,0,0,0,0,0,0,0,0,0,0,0,0,0,0,0,0,0,0,0,0,0,0,0,0,0,1,0,0,0,0,1,0,,6.0,4.3
22318,0,0,0,0,0,0,0,0,0,0,0,0,0,0,0,0,0,0,1,0,0,0,0,0,0,0,0,0,0,0,0,0,0,0,0,1,0,0,0,0,0,0,1,0,0,0,0,0,0,0,0,0,0,1,0,1.0,125.0,3.9
22401,0,0,0,0,0,0,1,0,0,0,0,0,0,0,0,0,0,0,1,0,0,0,0,0,0,0,0,0,0,0,0,0,0,0,0,0,0,0,0,0,0,0,1,0,0,0,0,0,1,0,0,0,1,1,0,,38.5,2.05
22407,0,0,0,1,0,0,0,0,0,0,0,0,0,0,0,0,0,0,1,0,0,0,0,0,0,0,0,0,0,0,0,0,0,0,0,0,0,0,0,0,0,0,1,0,0,0,0,0,0,0,0,0,0,1,0,1.0,106.0,4.6
22409,0,0,0,0,0,0,0,0,0,0,0,0,0,0,0,0,0,0,1,0,0,0,0,0,0,0,0,0,0,0,0,0,0,0,0,0,0,0,0,0,0,0,1,0,0,0,0,0,0,0,0,0,0,1,0,1.0,312.0,4.4
22411,0,0,0,0,0,0,0,0,0,0,0,0,0,0,0,0,0,0,1,0,0,0,0,0,0,0,0,0,0,0,0,0,0,0,0,0,0,0,0,0,0,0,1,0,0,0,0,0,0,0,0,0,0,1,0,,35.0,4.3
22412,0,0,0,0,0,0,0,0,0,0,0,0,0,0,0,0,0,0,1,0,0,0,0,0,0,0,0,0,0,0,0,0,0,0,1,1,0,0,0,0,0,0,1,0,0,0,0,0,0,0,0,0,0,1,0,2.0,55.0,3.7
22423,0,0,0,0,0,0,0,0,0,0,0,0,0,0,0,0,0,0,1,0,0,0,0,0,0,0,0,0,0,0,0,0,0,0,0,0,0,0,0,0,0,0,1,0,0,0,0,0,0,0,0,0,0,1,0,2.0,238.0,4.1
22501,0,0,0,0,0,0,0,0,0,0,0,0,0,0,0,0,0,0,0,0,0,0,0,0,0,0,0,0,0,0,0,0,0,0,0,0,0,0,0,0,0,0,0,0,0,0,0,0,1,0,0,0,0,1,0,,54.0,4.5
22505,0,0,0,0,0,0,0,0,0,0,0,0,1,0,0,0,0,0,1,0,0,0,0,0,0,0,0,0,0,0,0,0,0,0,0,0,0,0,0,0,0,0,0,0,0,0,0,0,1,0,0,0,0,0,1,,0.0,0.0
22510,0,0,0,0,0,0,0,0,0,1,0,0,0,0,0,0,0,0,0,0,0,0,0,0,0,0,0,0,0,0,0,0,0,0,0,0,0,0,0,0,0,0,0,0,0,0,0,0,1,0,0,0,0,1,0,,21.0,4.3
22511,0,0,0,0,0,0,0,0,0,0,0,0,0,0,0,0,0,0,0,0,0,0,0,0,0,0,0,0,0,0,0,0,0,0,0,0,0,0,0,0,0,0,0,0,0,0,0,0,1,0,0,0,0,1,0,,49.0,4.1
22608,0,0,0,0,0,0,0,0,0,0,0,0,0,0,0,0,0,0,1,0,0,0,0,0,0,0,0,0,0,0,0,0,0,0,1,0,0,0,0,0,0,0,1,0,0,0,0,0,0,0,0,0,0,1,0,,17.0,3.8
22702,0,0,0,0,0,0,0,0,0,0,0,0,1,0,0,0,0,0,2,0,0,0,0,1,0,0,0,0,0,0,0,0,0,0,0,0,0,0,0,0,0,0,1,0,0,0,0,0,1,0,0,0,0,2,0,2.0,198.0,4.199999999999999
22813,0,0,0,0,0,0,0,0,0,0,0,0,0,0,0,0,0,0,0,0,0,0,0,0,0,0,0,0,0,0,0,0,0,0,0,0,0,0,0,0,0,0,0,0,0,0,0,0,1,0,0,0,0,1,0,,19.0,4.5
22902,0,0,0,0,0,0,0,0,0,0,0,0,0,0,0,0,0,0,1,0,0,0,0,0,0,0,0,0,0,0,0,0,0,0,0,0,0,0,0,0,0,0,1,0,0,0,0,0,0,0,0,0,0,1,0,,47.0,4.2
23102,0,0,0,0,0,0,0,0,0,0,0,1,0,0,0,0,0,0,1,0,0,0,0,1,0,0,0,0,0,0,0,0,0,0,0,0,0,0,0,0,0,0,0,0,0,0,0,0,1,1,0,0,0,1,0,1.0,89.0,4.2
23110,0,0,0,0,0,0,0,0,0,0,0,0,0,0,0,0,0,0,1,0,0,0,0,0,0,0,0,0,0,0,0,0,0,0,0,0,0,0,0,0,0,0,1,0,0,0,0,0,0,0,0,0,0,1,0,3.0,2419.0,4.2
23216,0,0,0,0,0,0,0,0,0,0,0,0,0,0,0,0,0,0,0,0,0,0,0,0,0,0,0,0,0,0,1,0,0,0,0,0,0,0,0,0,0,0,0,0,0,0,0,0,1,0,0,0,0,1,0,,11.0,4.2
23312,0,0,0,1,0,0,0,0,0,0,0,0,0,0,0,0,0,0,1,0,0,0,0,0,0,0,0,0,0,0,0,0,0,0,0,0,0,0,0,0,0,0,1,0,0,0,0,0,0,0,0,0,0,1,0,1.0,63.0,4.1
23316,0,0,0,0,0,0,0,0,0,0,0,0,0,0,0,0,0,0,1,0,0,0,0,0,0,0,0,0,0,0,0,0,0,0,0,0,0,0,0,0,0,0,1,0,0,0,0,0,0,0,0,0,0,1,0,,305.0,4.0
23364,0,0,0,0,0,0,0,0,0,0,0,0,0,0,0,0,0,0,0,0,0,0,0,0,0,0,0,1,0,0,0,0,0,0,0,0,0,0,0,0,0,0,0,0,0,0,0,0,1,0,0,0,0,0,1,,1.0,5.0
23420,0,0,0,0,0,0,0,0,0,0,0,0,0,0,0,0,0,0,1,0,0,0,0,0,0,0,0,0,0,0,0,0,0,0,1,1,0,0,0,0,0,0,1,0,0,0,0,0,0,0,0,0,0,1,0,,57.0,4.2
23436,0,0,1,0,0,0,0,1,0,0,0,0,0,0,0,0,0,0,1,0,0,0,0,0,0,0,0,0,0,0,0,0,0,0,0,0,0,0,0,0,0,0,1,0,0,0,0,0,1,0,0,0,0,1,0,1.0,253.0,4.0
23609,0,0,0,0,0,0,0,0,0,0,0,0,0,0,0,0,0,0,1,0,0,0,0,0,0,0,0,0,0,0,0,0,0,0,0,0,0,0,0,0,0,0,1,0,0,0,0,0,0,0,0,0,0,1,0,,18.0,4.8
23708,0,0,0,0,0,0,0,0,0,0,0,0,0,0,0,0,0,0,1,0,0,0,0,1,0,0,0,0,0,0,0,0,0,0,0,0,0,0,0,0,0,0,0,0,0,0,0,0,1,1,0,0,0,0,1,,1.0,5.0
23719,0,0,0,0,0,0,0,1,0,0,0,0,0,0,0,0,0,0,1,0,0,0,0,0,0,0,0,0,0,0,0,0,0,0,0,0,0,0,0,0,0,0,0,0,0,0,0,0,1,0,0,0,0,1,0,,79.0,4.7
23819,0,0,1,0,0,0,0,1,0,0,0,0,0,0,0,0,0,0,1,0,0,0,0,0,0,0,0,0,0,0,0,0,0,0,0,0,0,0,0,0,0,0,1,0,0,0,0,0,1,0,0,0,0,1,0,1.0,240.0,4.0
24120,0,0,0,0,0,0,0,0,0,0,0,0,0,0,0,0,1,0,0,0,0,0,0,0,0,0,0,0,1,0,0,0,0,0,0,0,0,0,0,0,0,0,0,0,0,0,0,0,1,0,0,0,1,0,0,,1.0,3.0
24203,0,0,0,0,0,0,0,0,0,0,0,0,0,0,0,0,0,0,1,0,0,0,0,0,0,0,0,0,0,0,0,0,0,0,0,0,0,0,0,0,0,0,1,0,0,0,0,0,0,0,0,0,0,1,0,2.0,73.0,4.4
24205,0,0,0,0,0,0,0,0,0,0,0,0,0,0,0,0,0,0,1,0,0,0,0,0,0,0,0,0,0,0,0,0,0,0,1,0,0,0,0,0,0,0,1,0,0,0,0,0,0,0,0,0,0,1,0,,71.0,4.1
24410,0,0,0,0,0,0,0,0,0,0,0,0,0,0,0,0,0,0,1,0,0,0,0,0,0,0,0,0,0,0,0,0,0,0,0,0,0,0,0,0,0,0,1,0,0,0,0,0,0,0,0,0,0,1,0,2.0,266.0,4.5
24435,0,0,0,0,0,0,0,0,0,0,0,0,0,0,0,0,0,0,1,0,0,0,0,0,0,0,0,0,0,0,0,0,0,0,0,0,0,0,0,0,0,0,1,0,0,0,0,0,0,0,0,0,0,1,0,,75.0,4.0
24501,0,0,1,0,0,0,0,1,0,0,0,0,0,0,0,0,0,0,2,0,0,0,0,0,0,0,0,0,0,0,0,0,0,0,0,0,0,0,0,0,0,0,2,0,0,0,0,0,1,0,0,0,0,2,0,1.0,153.5,3.9
24513,0,0,0,0,0,0,0,0,0,0,0,0,0,0,0,0,0,0,1,0,0,0,0,0,0,0,0,0,0,0,0,0,0,0,1,0,0,0,0,0,0,0,1,0,0,0,0,0,0,0,0,0,0,1,0,1.0,126.0,4.1
24601,0,0,0,0,0,0,0,0,0,0,0,0,0,0,0,0,0,0,1,0,0,0,0,0,0,0,0,0,0,0,0,0,0,0,0,0,0,0,0,0,0,0,1,0,0,0,0,0,0,0,0,0,0,1,0,1.0,504.0,4.2
24617,0,0,1,0,0,0,0,0,0,0,0,0,0,0,0,0,0,0,1,0,0,0,0,0,0,0,0,0,0,0,0,0,0,0,0,0,0,0,0,0,0,0,1,0,0,0,0,0,1,0,0,0,0,1,0,1.0,111.0,4.4
24705,0,0,0,0,0,0,0,0,0,0,0,0,0,0,0,0,1,0,0,0,0,0,0,0,0,0,0,0,0,0,0,0,0,0,0,0,0,0,0,0,0,0,0,0,0,0,0,0,1,0,0,0,1,0,0,,20.0,4.6
24809,0,0,1,0,0,0,0,1,0,0,0,0,0,0,0,0,0,0,1,0,0,0,0,0,0,0,0,0,0,0,0,0,0,0,0,0,0,0,0,0,0,0,1,0,0,0,0,0,1,0,0,0,0,1,0,1.0,229.0,3.8
24822,0,0,0,0,0,0,0,0,0,0,0,0,0,0,0,0,0,0,1,0,0,0,0,0,0,0,0,0,0,0,0,0,0,0,0,0,0,0,0,0,0,0,1,0,0,0,0,0,0,0,0,0,0,1,0,1.0,312.0,4.2
24825,0,0,0,0,0,0,0,0,0,0,0,0,0,0,0,0,0,0,1,0,0,0,0,0,0,0,0,0,0,0,0,0,0,0,1,0,0,0,0,0,0,0,1,0,0,0,0,0,0,0,0,0,0,1,0,2.0,236.0,4.6
24904,0,0,0,0,0,0,0,0,0,0,0,0,0,0,0,0,0,0,1,0,0,0,0,0,0,0,0,0,0,0,0,0,0,0,0,0,0,0,0,0,0,0,1,0,0,0,0,0,0,0,0,0,0,1,0,1.0,120.0,4.0
24908,0,0,0,0,0,0,0,0,0,0,0,0,0,0,0,0,0,0,1,0,0,0,0,0,0,0,0,0,0,0,1,0,0,0,0,0,0,0,0,0,0,0,0,0,0,0,0,0,1,0,0,0,0,1,0,,5.0,5.0
24919,0,0,0,0,0,0,0,0,0,0,0,0,0,0,0,0,0,0,1,0,0,0,0,0,0,0,0,0,0,0,0,0,0,0,0,0,0,0,0,0,0,0,0,0,0,0,0,0,1,0,0,0,1,0,0,,34.0,4.4
24926,0,0,0,0,0,0,0,0,0,0,0,0,0,0,0,0,0,0,2,0,0,0,0,2,0,0,0,0,0,0,0,0,0,0,0,0,0,0,0,0,0,0,0,0,0,0,0,0,2,1,0,0,0,2,0,2.0,363.5,3.95
24946,0,0,0,0,0,0,0,0,0,0,0,1,1,0,0,0,0,0,1,0,0,0,0,0,0,0,0,0,0,0,0,0,0,0,0,0,0,0,0,0,0,0,0,0,0,0,0,0,1,0,0,0,0,1,0,2.0,23.0,4.4
25018,0,0,0,0,0,0,0,0,0,0,0,0,0,0,0,0,0,0,1,0,0,0,0,0,0,0,0,0,0,0,0,0,0,0,0,0,0,0,0,0,0,0,1,0,0,0,0,0,0,0,0,0,0,1,0,1.0,286.0,4.1
25202,0,0,0,0,0,0,0,0,0,0,0,0,0,0,0,0,0,0,1,0,0,0,0,1,0,0,0,0,0,0,0,0,0,0,0,0,0,0,0,0,0,0,0,0,0,0,0,0,1,0,0,0,0,1,0,,38.0,3.6
25211,0,0,0,0,0,0,0,0,0,0,0,0,0,0,0,0,0,0,1,0,0,0,0,0,0,0,0,0,0,0,0,0,0,0,0,0,0,0,0,0,0,0,1,0,0,0,0,0,0,0,0,0,0,1,0,,142.0,4.0
25300,0,0,0,0,0,0,0,0,0,0,0,1,0,1,0,0,0,0,0,0,0,0,0,0,0,0,0,0,1,0,0,0,0,0,0,0,0,0,0,0,0,0,0,0,0,0,0,0,1,0,0,0,0,1,0,1.0,382.0,4.1
25301,0,0,0,0,0,0,0,0,0,0,0,1,0,0,0,0,0,0,0,0,0,0,0,0,0,0,0,0,0,0,0,0,0,0,0,0,0,0,0,0,0,0,0,0,1,0,0,0,2,0,0,0,0,2,0,,338.5,4.1
25317,0,0,0,0,0,0,0,0,0,0,0,0,0,0,0,0,0,0,1,0,0,0,0,0,0,0,0,0,0,0,0,0,0,0,0,0,0,0,0,0,0,0,1,0,0,0,0,0,0,0,0,0,0,1,0,2.0,187.0,4.5
25318,0,0,0,0,0,0,0,0,0,0,0,0,0,0,0,0,0,0,1,0,0,0,0,0,0,0,0,0,0,0,0,0,0,0,0,0,0,0,0,0,0,0,0,0,0,0,0,0,1,0,0,0,0,0,1,,3.0,4.7
25319,0,0,0,0,0,0,0,0,0,0,0,0,0,0,0,0,0,0,1,0,0,0,0,0,0,0,0,0,0,0,0,0,0,0,0,0,0,0,0,0,0,0,1,0,0,0,0,0,0,0,0,0,0,1,0,1.0,632.0,3.8
25324,0,0,0,1,0,0,0,0,0,0,0,0,0,0,0,0,0,0,2,0,0,0,0,0,0,0,0,0,0,0,0,0,0,0,1,0,0,0,0,0,0,0,2,0,0,0,0,0,0,0,0,0,0,2,0,1.5,353.5,4.35
25402,0,0,0,0,0,0,0,0,0,0,0,0,0,0,0,0,0,0,1,0,0,0,0,0,0,0,0,0,0,0,0,0,0,0,0,0,0,0,0,0,0,0,1,0,0,0,0,0,0,0,0,0,0,1,0,1.0,1911.0,4.3
25420,0,0,1,0,0,0,0,1,0,0,0,0,0,0,0,0,0,0,1,0,0,0,0,0,0,0,0,0,0,0,0,0,0,0,0,0,0,0,0,0,0,0,1,0,0,0,0,0,1,0,0,0,0,1,0,1.0,236.0,3.9
25441,0,0,1,0,0,0,0,1,0,0,0,0,0,0,0,0,0,0,1,0,0,0,0,0,0,0,0,0,0,0,0,0,0,0,0,1,0,0,0,0,0,0,1,0,0,0,0,0,1,0,0,0,0,1,0,2.0,374.0,4.1
25465,0,0,0,0,0,0,0,0,0,0,0,0,0,0,0,0,0,0,1,0,0,0,0,0,0,0,0,0,0,0,0,0,0,0,0,0,0,0,0,0,0,0,1,0,0,0,0,0,0,0,0,0,0,1,0,1.0,465.0,4.1
25503,0,0,0,0,0,0,0,0,0,0,0,0,0,0,0,0,0,0,0,0,1,0,0,0,0,0,0,1,0,0,0,0,0,0,0,0,0,0,0,0,0,0,0,0,0,0,0,0,1,0,0,0,0,1,0,1.0,89.0,4.9
25509,0,0,0,0,0,0,0,0,0,0,0,0,0,0,0,0,0,0,1,0,0,0,0,0,0,0,0,0,0,0,0,0,0,0,0,0,0,0,0,0,0,0,1,0,0,0,0,0,0,0,0,0,0,1,0,2.0,185.0,4.6
25541,0,0,0,0,0,0,0,0,0,0,0,0,0,0,0,0,0,0,1,0,0,0,0,0,0,0,0,0,0,0,0,0,0,0,0,0,0,0,0,0,0,0,1,0,0,0,0,0,0,0,0,0,0,1,0,2.0,223.0,4.5
25609,0,0,1,0,0,0,0,1,0,0,0,0,0,0,0,0,0,0,1,0,0,0,0,0,0,0,0,0,0,0,0,0,0,0,0,0,0,0,0,0,0,0,1,0,0,0,0,0,1,0,0,0,0,1,0,1.0,139.0,4.1
25903,0,0,0,0,0,0,0,0,0,0,0,0,0,0,0,0,0,0,1,0,0,0,0,0,0,0,0,0,0,0,0,0,0,0,0,0,0,0,0,0,0,0,1,0,0,0,0,0,0,0,0,0,0,1,0,1.0,35.0,3.8
26008,0,0,0,0,0,0,0,0,0,0,0,0,0,0,0,0,0,0,1,0,0,0,0,1,0,0,0,0,0,0,0,0,0,0,0,0,0,0,0,0,0,0,0,0,0,0,0,0,1,0,0,0,0,1,0,,6.0,3.0
26021,0,0,0,0,0,0,0,0,0,0,0,0,0,0,0,0,0,0,1,0,0,0,0,0,0,0,0,0,0,0,0,0,0,0,0,0,0,0,0,0,0,0,1,0,0,0,0,0,0,0,0,0,0,1,0,1.0,230.0,4.0
26910,0,0,0,0,0,0,0,0,0,0,0,0,0,0,0,0,0,0,0,0,0,0,0,0,0,0,0,0,0,0,0,0,0,0,0,0,0,0,0,0,0,0,0,0,0,0,0,0,1,0,0,0,0,0,1,,1.0,3.0
27010,0,0,0,0,0,0,0,0,0,0,0,0,0,0,0,0,0,0,1,0,0,0,0,0,0,0,0,0,0,0,0,0,0,0,0,0,0,0,0,0,0,0,1,0,0,0,0,0,0,0,0,0,0,1,0,,0.0,0.0
27246,0,0,0,0,0,0,0,0,0,0,0,0,0,0,0,0,0,0,0,0,0,0,0,0,0,0,0,0,0,0,0,0,0,0,0,0,0,0,0,0,0,0,0,0,0,0,0,0,1,0,0,0,0,1,0,,6.0,3.7
27248,0,0,0,0,0,0,0,0,0,0,0,0,0,0,0,0,0,0,1,0,0,0,0,0,0,0,0,0,0,0,0,0,0,0,0,0,0,0,0,0,0,0,1,0,0,0,0,0,0,0,0,0,0,1,0,,27.0,3.7
27260,0,0,0,0,0,0,0,0,0,0,0,0,0,0,0,0,0,0,0,0,0,0,0,0,0,0,0,0,0,0,0,0,0,0,0,0,0,0,0,0,0,0,0,0,0,0,0,0,1,0,0,0,0,0,1,,0.0,0.0
27268,0,0,0,0,0,0,0,0,0,0,0,0,0,0,0,0,0,0,0,0,0,0,0,0,0,0,1,0,0,0,0,0,0,0,0,0,0,0,0,0,0,1,0,0,0,0,0,0,1,0,0,0,0,0,1,,0.0,0.0
27272,0,0,0,0,0,0,0,0,0,0,0,1,0,0,0,0,0,0,0,0,0,0,0,0,0,0,0,0,0,0,0,0,0,0,0,0,0,0,0,0,0,0,0,0,0,0,0,0,1,0,0,0,0,0,1,,0.0,0.0
98108,0,0,0,0,0,0,0,0,0,0,0,0,0,0,0,0,0,0,1,0,0,0,0,0,0,0,0,0,0,0,0,0,0,0,1,0,0,0,0,0,0,0,1,0,0,0,0,0,0,0,0,0,0,1,0,1.0,226.0,4.4
