zipcode,total_art_gallery,total_atm,total_bakery,total_bank,total_bar,total_beauty_salon,total_bicycle_store,total_book_store,total_bowling_alley,total_cafe,total_car_dealer,total_car_repair,total_car_wash,total_clothing_store,total_convenience_store,total_dentist,total_department_store,total_drugstore,total_electronics_store,total_finance,total_florist,total_food,total_furniture_store,total_gas_station,total_general_contractor,total_grocery_or_supermarket,total_gym,total_hair_care,total_hardware_store,total_health,total_home_goods_store,total_hospital,total_insurance_agency,total_jewelry_store,total_laundry,total_liquor_store,total_locksmith,total_lodging,total_meal_delivery,total_meal_takeaway,total_movie_rental,total_movie_theater,total_moving_company,total_night_club,total_park,total_parking,total_pet_store,total_pharmacy,total_plumber,total_real_estate_agency,total_restaurant,total_school,total_shoe_store,total_shopping_mall,total_spa,total_storage,total_store,total_supermarket,total_tourist_attraction,total_veterinary_care,total_open_now_False,total_open_now_True,total_open_now_nan,mean_user_ratings_total,mean_rating,mean_price_level,mean_Unnamed: 0,population,population_density_square_miles,housing_units,price_level*rating,user_ratings_total_per_capita,rating*population_density,log_home_price_to_income_ratios
90650,0,0,0,0,0,0,0,0,0,1,0,0,0,0,0,0,0,0,0,0,0,1,0,0,0,0,0,0,0,0,0,0,0,0,0,0,0,0,0,0,0,0,0,0,0,0,0,0,0,0,0,0,0,0,0,0,1,0,0,0,0,0,1,6.0,4.2,,7042.0,105886,10793.4,28475,,5.666471488204295e-05,45332.28,1.820637362989526
91731,0,0,0,0,0,0,0,0,0,6,0,0,0,2,1,0,0,1,0,0,0,11,0,0,0,0,0,0,2,1,3,0,0,0,0,0,0,0,0,0,0,0,0,0,0,0,0,0,0,0,5,0,1,0,0,0,11,0,0,0,1,14,0,343.3333333333333,4.233333333333333,1.5714285714285714,13660.933333333332,30139,7899.6,8732,6.652380952380953,0.011391663072209872,33441.64,2.389753039669142
91702,0,0,1,0,1,0,0,0,0,13,0,1,0,3,7,0,3,4,1,0,0,43,3,0,1,3,0,1,1,5,4,0,0,0,0,0,0,1,3,0,0,0,0,0,0,0,0,0,0,0,26,0,2,0,0,0,31,1,0,0,6,47,0,389.81132075471703,4.2433962264150935,1.4324324324324325,13017.037735849055,62348,368.2,16587,6.078378378378377,0.006252186449520707,1562.4184905660375,1.830243255415359
91745,0,1,2,0,1,0,0,1,0,10,0,0,1,1,4,0,0,2,0,1,1,25,2,2,0,2,0,0,0,3,2,0,0,0,0,1,0,0,0,1,0,0,0,0,0,0,0,0,0,0,17,0,1,0,0,0,16,0,0,0,0,28,1,224.4482758620689,3.9344827586206903,1.45,14017.62068965517,54975,4292.2,17066,5.705000000000001,0.0040827335309153055,16887.586896551726,1.9132085225166025
91601,0,0,0,0,1,0,0,1,0,7,0,0,0,2,1,0,0,1,2,0,0,15,3,0,0,1,0,0,0,1,4,0,0,0,0,0,0,0,2,1,0,0,0,0,0,0,0,0,0,0,6,0,0,0,0,0,16,0,0,0,3,20,0,276.7826086956522,4.213043478260869,1.4,12779.608695652172,37085,13992.5,18338,5.898260869565216,0.007463465247287372,58951.01086956521,2.4466675799843824
90062,0,0,0,0,0,0,1,0,0,2,0,1,0,1,2,0,0,0,1,0,0,14,0,0,0,3,0,0,0,1,1,0,0,0,0,0,0,0,0,0,0,0,0,0,0,0,0,1,0,0,10,0,0,0,0,0,15,0,0,0,4,17,2,268.69565217391306,3.9956521739130433,1.1111111111111112,3045.521739130435,34422,17800.8,10467,4.4396135265700485,0.007805927958105661,71125.8052173913,2.169547452818452
90038,2,1,2,0,6,0,0,1,0,8,0,0,0,5,3,0,0,1,1,1,1,38,3,0,0,5,0,0,0,4,4,0,0,1,0,1,0,0,1,0,0,0,0,0,0,0,0,0,0,0,22,0,1,0,0,0,25,2,0,0,12,33,1,321.45652173913044,4.471739130434782,2.2916666666666665,1686.7608695652175,27660,17657.2,13295,10.247735507246375,0.011621710836555691,78958.39217391305,2.946416761329398
91104,0,0,2,0,2,0,0,1,0,9,0,1,0,2,3,0,0,2,3,1,0,35,1,0,0,4,0,0,0,2,1,0,0,0,0,1,0,0,2,1,0,0,0,1,0,0,0,0,0,0,23,0,0,0,0,0,25,0,0,0,5,39,0,202.47727272727272,4.3568181818181815,1.5185185185185186,9282.931818181818,37974,9978.5,13826,6.615909090909091,0.005331997491106355,43474.51022727272,2.244864601567029
91791,0,0,3,0,6,0,1,1,0,7,0,2,0,5,2,0,3,1,4,1,0,32,6,0,0,5,0,0,0,1,8,0,0,0,0,0,0,0,1,3,0,0,0,0,0,0,0,0,0,0,22,0,3,0,0,0,27,2,0,0,1,42,0,558.5348837209302,4.095348837209301,1.65625,14735.697674418603,34363,5179.3,10628,6.782921511627905,0.016253961636671137,21211.040232558134,1.946563380366555
90272,0,0,0,0,1,0,0,0,0,4,0,0,0,1,1,0,0,1,1,0,0,13,0,0,0,0,0,0,0,1,2,0,0,0,0,1,0,0,0,0,0,0,0,0,0,0,0,0,0,0,9,0,0,0,0,0,9,0,0,0,3,14,0,60.941176470588225,4.411764705882354,2.0,5102.117647058823,22551,987.7,9765,8.823529411764708,0.0027023713569503892,4357.500000000002,2.3322667527208365
91024,0,0,0,0,3,0,0,0,0,7,0,0,0,2,0,0,0,0,1,0,1,19,1,0,0,1,0,0,3,1,4,0,0,0,0,1,0,0,1,0,0,0,0,0,1,0,0,0,0,0,14,0,0,0,0,0,20,0,0,0,7,21,7,91.37142857142857,3.6714285714285713,1.7692307692307692,9153.657142857142,11006,3727.7,5075,6.495604395604395,0.008301965161859765,13685.984285714285,2.2582556263890083
90277,0,0,1,0,7,0,1,0,0,17,0,1,0,1,6,0,0,4,0,1,1,51,0,0,0,5,0,0,0,5,0,0,0,0,0,1,0,0,0,1,0,0,0,0,0,0,0,0,0,0,30,0,0,0,0,0,33,3,0,0,9,47,3,247.79661016949154,4.322033898305085,1.8611111111111112,5264.762711864407,34506,9633.4,17607,8.043785310734464,0.007181261524647643,41635.8813559322,2.3016949911604545
91711,1,0,4,0,8,0,1,1,0,17,0,1,0,4,0,0,0,0,3,0,2,40,0,0,0,3,0,0,0,2,2,0,0,1,0,1,0,0,0,1,0,0,0,0,0,0,0,0,0,0,25,0,1,0,0,0,31,1,0,0,5,50,0,294.54545454545456,4.321818181818181,1.84375,13419.527272727273,36854,2455.0,12803,7.968352272727272,0.007992224847925722,10610.063636363635,1.889064510082386
91773,0,0,4,0,3,0,0,1,0,14,0,0,0,6,2,0,2,2,1,1,1,43,5,0,0,6,0,0,2,3,7,0,0,0,0,2,0,0,2,5,0,0,0,0,0,0,1,0,0,0,25,0,2,0,0,0,32,1,0,0,7,44,2,317.52830188679246,4.1547169811320765,1.75,14559.150943396226,34496,2411.8,12181,7.270754716981134,0.009204786116848112,10020.346415094344,1.866852022471314
90011,0,0,1,0,0,0,0,0,0,1,0,2,0,1,2,0,0,1,0,0,0,23,0,0,0,4,0,0,2,1,0,0,0,0,0,0,0,0,1,0,0,0,0,0,0,0,0,0,0,0,18,0,0,0,0,0,12,1,0,0,2,24,3,236.7586206896552,4.389655172413794,1.2,562.8275862068965,109414,25528.8,25200,5.267586206896552,0.0021638786689971595,112062.62896551726,2.2496868105416836
90241,0,0,2,0,4,0,0,0,0,7,0,0,0,7,2,0,3,2,1,1,0,27,4,0,0,3,0,0,1,2,5,0,0,2,0,0,0,0,1,1,0,0,0,0,0,0,0,0,0,0,19,0,3,1,0,0,26,0,0,0,0,40,0,1280.975,4.2325,1.6551724137931034,4318.35,44143,8964.8,14029,7.0055172413793105,0.029018757220850417,37943.515999999996,2.055782726792445
90278,0,0,2,0,2,1,0,0,0,11,0,1,0,6,2,0,4,2,1,0,0,33,4,0,0,5,0,1,0,3,4,0,0,1,0,1,0,0,1,0,0,0,0,0,0,0,0,0,0,0,16,0,3,1,0,0,25,2,0,0,1,41,1,526.1627906976744,4.2558139534883725,1.6206896551724137,5235.581395348837,40649,11280.6,16305,6.897353648757017,0.012944052515379821,48008.13488372094,1.9490529051776366
90605,0,0,0,0,0,0,0,0,0,0,0,0,0,1,1,0,1,0,0,0,0,2,0,0,0,0,0,0,0,0,0,0,0,0,0,0,0,0,0,0,0,0,0,0,0,0,0,0,0,0,1,0,0,0,0,0,2,0,0,0,0,3,0,206.0,4.066666666666666,1.0,6837.333333333332,40957,7246.7,10764,4.066666666666666,0.005029665258685939,29469.91333333333,1.782787819085707
91750,0,1,2,0,4,0,0,1,0,11,0,1,0,3,2,0,3,2,2,2,0,40,3,0,0,5,0,0,0,3,5,0,0,0,0,1,0,0,1,1,0,0,0,1,0,0,0,0,0,0,27,0,0,0,0,0,27,3,0,0,4,48,0,262.0,4.359615384615385,1.71875,14197.903846153846,33836,1340.3,12292,7.4930889423076925,0.007743232060527249,5843.1925,1.8842174824267888
90006,0,0,4,0,2,0,0,0,0,11,0,0,0,2,2,0,1,2,3,0,1,35,0,0,0,4,0,0,1,2,1,0,0,0,0,0,0,0,0,0,0,0,0,0,0,0,0,0,0,0,22,0,2,0,0,0,26,2,0,0,2,41,2,522.6888888888889,4.199999999999998,1.5862068965517242,333.7111111111111,61698,32137.8,20880,6.662068965517239,0.008471731480581038,134978.75999999995,2.805102029962124
90047,0,0,1,0,0,0,0,0,0,5,0,1,0,5,1,0,0,1,1,0,0,28,0,0,1,4,0,0,1,1,1,0,0,1,0,0,0,0,1,1,0,0,0,0,0,0,0,0,0,0,21,0,2,1,0,0,21,0,0,0,0,35,4,561.6923076923076,4.117948717948718,1.4166666666666667,2590.5128205128203,48883,10333.5,18426,5.833760683760684,0.011490544927527107,42552.82307692308,2.11813392431282
91106,1,0,1,0,1,0,0,1,0,3,0,3,0,2,2,0,0,1,2,0,0,29,2,0,0,2,0,0,0,3,3,0,0,0,0,1,0,0,1,1,0,0,0,0,0,0,0,1,0,0,24,0,0,0,0,0,21,0,0,0,3,35,5,328.20930232558135,4.148837209302325,1.84,9703.116279069767,25375,8615.0,11832,7.633860465116278,0.012934356741894831,35742.232558139534,2.1842445543137963
91402,0,0,0,0,0,0,0,0,0,1,0,3,0,4,1,0,3,1,3,0,0,18,4,0,0,2,0,0,1,1,7,0,0,1,0,0,0,0,0,0,0,0,0,0,0,0,0,0,0,0,13,0,2,0,0,0,17,1,0,0,1,29,0,532.0666666666667,4.1033333333333335,1.5,12177.566666666668,70686,18966.0,20159,6.155,0.007527185958558508,77823.82,2.196153259370113
90402,0,0,0,0,2,1,0,0,0,4,0,0,0,4,0,0,0,0,0,0,0,12,1,0,0,0,0,0,0,0,1,0,0,0,0,1,0,0,0,0,0,0,0,0,0,0,0,0,0,0,10,0,0,0,0,0,9,0,0,0,2,15,1,150.77777777777774,3.855555555555555,2.3,5591.555555555556,11866,5921.6,5914,8.867777777777777,0.012706706369271679,22831.057777777776,2.6097155556685174
91204,0,0,0,0,1,0,0,0,0,8,0,2,0,0,2,0,1,1,0,0,0,24,1,0,1,1,0,0,1,1,3,0,0,1,0,1,0,0,1,0,0,0,0,0,0,0,0,0,0,0,11,0,0,0,0,0,18,0,0,0,1,27,2,368.6,3.93,1.631578947368421,10042.933333333332,18720,16655.0,6630,6.412105263157895,0.01969017094017094,65454.15,2.3631512080968187
90302,0,0,1,0,0,0,0,0,0,4,0,0,0,0,0,0,0,0,0,0,0,23,0,0,0,0,0,0,0,0,0,0,0,0,0,0,0,0,0,0,0,0,0,0,0,0,0,0,0,0,20,0,0,0,0,0,5,0,0,0,2,21,0,269.5217391304348,4.447826086956521,1.5384615384615383,5334.434782608696,30828,16282.8,11438,6.8428093645484935,0.008742757854237537,72423.06260869563,2.148789530515913
93591,0,0,0,0,0,0,0,0,0,0,0,0,0,0,0,0,0,0,0,0,0,1,0,0,0,0,0,0,0,0,0,0,0,0,0,0,0,0,0,0,0,0,0,0,0,0,0,0,0,0,1,0,0,0,0,0,0,0,0,0,0,1,0,3.0,5.0,,15516.0,6579,79.8,2145,,0.00045599635202918376,399.0,1.3259696424450949
90020,0,0,0,0,3,0,0,0,0,8,0,0,0,2,2,0,1,3,2,0,0,34,2,0,0,6,0,0,0,3,2,0,0,0,0,0,0,0,0,0,0,0,0,1,0,0,0,0,0,0,21,0,0,0,0,0,21,1,0,0,3,36,1,444.125,4.16,1.9259259259259256,789.55,39102,34594.2,18501,8.011851851851851,0.011358114674441205,143911.872,2.5580577693602575
90065,0,0,2,0,0,0,0,0,0,7,0,0,0,2,1,0,1,1,2,0,0,21,3,0,1,1,0,0,1,1,4,0,0,0,0,0,0,0,0,0,0,0,0,0,0,0,0,0,0,0,14,0,0,0,0,0,16,1,0,0,4,24,1,314.27586206896547,4.317241379310345,1.368421052631579,2962.4827586206898,47887,9071.6,16302,5.907803992740472,0.006562863868460448,39164.28689655173,2.333505023822541
90040,0,0,0,0,2,0,0,0,0,7,0,0,0,10,1,0,0,0,0,0,0,28,2,1,1,0,0,0,1,0,5,0,0,1,0,0,0,0,0,1,0,0,0,0,0,0,0,0,0,0,22,0,7,0,0,0,26,0,0,0,9,36,1,521.1086956521739,4.326086956521738,1.7407407407407407,2221.5652173913045,12645,2265.7,3663,7.530595813204507,0.041210652087953645,9801.615217391301,2.104494711796664
90712,0,0,2,0,7,0,0,0,0,11,0,0,0,8,2,0,6,2,3,0,0,35,5,0,0,3,0,0,1,2,8,0,0,2,0,0,0,0,1,4,0,0,0,0,0,0,0,0,0,0,25,0,4,1,0,0,29,1,0,0,1,48,0,985.1020408163264,4.108163265306122,1.7142857142857142,7442.591836734694,31063,7252.9,11027,7.042565597667638,0.031713036114229994,29796.09734693877,1.7389664334638961
90222,0,1,1,0,0,0,0,0,0,1,0,2,0,1,4,0,0,1,0,1,0,29,1,0,0,5,0,0,0,2,1,0,0,0,0,3,0,0,0,1,0,0,0,0,0,0,1,0,0,0,19,0,0,0,0,0,20,0,0,0,4,28,6,172.5263157894737,3.96578947368421,1.3529411764705883,4052.394736842106,32850,12766.7,8292,5.3654798761609905,0.005251942641993111,50630.04447368421,1.9514509685964174
90035,0,0,0,0,0,0,0,0,0,5,0,1,0,2,4,0,1,4,1,1,0,34,0,0,0,4,0,0,0,4,1,0,0,0,0,0,0,0,2,1,0,0,0,0,0,0,0,0,0,0,21,0,1,0,0,0,25,1,0,0,18,26,0,253.72727272727272,4.2795454545454525,1.8888888888888888,1888.3636363636365,28085,13713.0,14066,8.083585858585854,0.009034262870830433,58685.40681818179,2.5597693301505675
90405,1,0,3,0,8,0,2,0,0,16,0,1,0,3,0,0,0,0,2,1,1,35,2,0,0,4,0,0,0,1,5,0,0,1,0,3,0,0,1,2,0,0,0,1,0,0,0,0,0,0,23,0,0,0,0,0,34,3,0,0,12,39,0,329.5882352941176,4.364705882352942,1.8529411764705883,6190.078431372549,28115,10625.8,15156,8.087543252595157,0.011722860938791308,46378.49176470588,2.6253168623583623
90058,0,0,0,0,2,0,0,0,0,2,0,0,0,0,0,0,0,0,0,0,0,21,0,0,0,0,0,0,0,0,0,0,0,0,0,0,0,0,1,0,0,0,0,0,0,0,0,0,0,0,20,0,0,0,0,0,2,0,0,0,7,13,1,147.33333333333334,4.4523809523809526,1.6,2971.333333333333,2758,474.9,800,7.123809523809524,0.0534203529127387,2114.4357142857143,2.7057280585989596
90077,0,0,0,0,1,0,0,0,0,1,0,0,0,6,0,0,0,0,3,0,0,10,0,0,0,2,0,0,0,0,3,0,0,0,0,0,0,0,1,0,0,0,0,1,0,0,0,0,0,0,7,0,0,0,0,0,13,0,0,0,1,14,5,62.55,2.915,2.333333333333333,3614.35,8993,1226.4,3839,6.801666666666666,0.006955409763149116,3574.956,2.2498366086373096
90027,0,0,2,0,3,0,0,0,0,13,0,0,0,5,3,0,2,3,1,1,1,39,2,0,0,7,0,0,0,4,3,0,0,0,0,2,0,0,0,2,0,0,0,1,0,0,0,0,0,0,22,0,2,0,0,0,28,2,0,0,2,45,0,460.1914893617021,4.334042553191488,1.7142857142857142,1528.2978723404253,44686,5493.8,23848,7.429787234042551,0.010298337048778188,23810.3629787234,2.8166975032663433
90717,0,0,0,0,3,0,0,0,0,7,0,2,0,0,4,0,0,1,1,0,0,30,1,0,1,2,0,0,2,1,4,0,0,0,0,2,0,0,0,0,0,0,0,0,0,0,0,0,0,0,21,0,0,0,0,0,22,1,0,0,4,34,3,264.3414634146341,4.078048780487805,1.4615384615384617,7623.975609756098,21696,10951.2,8932,5.9602251407129465,0.012183880135261529,44659.52780487805,2.1329377585378633
91010,0,0,0,0,3,0,1,0,0,8,1,2,0,1,6,0,2,2,2,1,0,48,3,0,0,8,0,0,0,3,3,0,0,0,0,1,0,0,0,2,0,0,0,0,0,0,1,0,0,0,29,0,0,0,0,0,30,3,0,0,3,55,3,285.1147540983606,4.196721311475411,1.3783783783783785,8906.557377049181,26601,3778.5,8419,5.784669915817459,0.010718196838403091,15857.31147540984,1.8174778546016548
91016,0,0,2,0,10,0,0,0,0,17,0,2,0,5,2,0,4,2,1,1,1,44,1,0,0,4,0,0,1,4,4,0,0,1,0,1,0,0,1,2,0,0,0,1,0,0,0,0,0,0,28,0,0,1,0,0,33,2,0,0,6,50,1,312.9298245614035,4.347368421052633,1.6666666666666667,9047.666666666666,41671,4908.8,15173,7.245614035087722,0.007509534797854708,21340.362105263168,2.1162054184646815
91406,0,0,0,0,1,0,0,0,0,0,0,0,0,0,0,0,0,0,1,0,0,3,1,0,0,0,0,0,0,0,1,0,0,0,0,0,0,0,1,0,0,0,0,0,0,0,0,0,0,0,3,0,0,0,0,0,2,0,0,0,1,4,0,507.8,4.38,1.3333333333333333,12400.2,55215,6790.0,18838,5.84,0.009196776238341031,29740.2,2.1922550400561747
90403,0,0,3,0,4,1,0,0,0,13,0,0,0,7,1,0,0,1,1,2,1,43,3,0,1,6,0,1,0,4,5,0,0,2,0,3,0,0,1,2,0,0,0,0,0,0,0,1,0,0,23,0,0,0,0,0,43,2,0,0,3,58,0,181.60655737704917,4.272131147540983,2.095238095238096,5889.032786885246,24354,17060.2,14709,8.951131928181109,0.007456949879980667,72883.41180327868,2.3308310177390394
90503,0,0,2,0,4,0,0,0,0,5,0,0,0,1,3,0,0,2,1,0,0,17,2,0,0,1,0,0,1,2,2,0,0,0,0,0,0,0,0,3,0,0,0,0,0,0,0,1,0,0,9,0,0,0,0,0,11,0,0,0,1,18,0,391.89473684210526,4.0,1.6428571428571428,6370.947368421053,44908,8477.3,17890,6.571428571428571,0.008726613005302067,33909.2,2.1207295659678547
90008,0,0,2,0,2,0,0,0,0,8,0,0,0,5,0,0,1,0,1,0,0,27,2,0,0,1,0,0,0,0,2,0,0,1,0,1,0,0,0,1,0,0,0,0,0,0,0,0,0,0,21,0,1,0,0,0,15,0,0,0,3,31,2,320.97222222222223,4.2250000000000005,1.5,522.8055555555555,31739,8640.9,16087,6.3375,0.010112864999597411,36507.802500000005,2.769432670892703
90814,1,0,0,0,2,0,0,0,0,5,0,0,0,5,1,0,0,1,0,0,0,18,0,0,1,3,0,0,0,1,1,0,0,0,0,1,0,0,0,0,0,0,0,0,0,0,0,0,0,0,11,0,0,0,0,0,17,1,0,0,3,23,0,288.61538461538464,4.526923076923079,1.7222222222222223,8507.384615384615,18587,13722.8,9649,7.796367521367524,0.01552780893180097,62122.06000000002,2.2436747608868846
90744,0,0,1,0,0,0,0,0,0,9,0,1,0,2,3,0,1,1,2,2,0,34,1,0,0,4,0,0,0,1,2,0,0,1,0,1,0,0,1,0,0,0,0,0,0,0,0,0,0,0,25,0,1,0,0,0,27,2,0,0,3,42,2,246.46808510638297,4.1191489361702125,1.3461538461538465,7923.1276595744675,57206,6860.6,15174,5.545008183306057,0.004308430673467521,28259.83319148936,2.0588013232466573
91030,0,0,2,0,9,0,0,0,0,16,0,0,0,2,0,0,0,0,3,1,0,37,0,0,0,3,0,0,2,1,6,0,0,1,0,3,0,0,0,2,1,0,0,1,0,0,0,1,0,0,24,0,0,0,0,0,32,0,0,0,11,41,2,197.2962962962963,4.3574074074074085,1.7272727272727273,9116.833333333334,25794,7561.9,10878,7.526430976430978,0.007648922086388164,32950.27907407408,2.3211109722282344
91340,0,0,0,0,1,0,0,0,0,2,0,2,0,2,4,0,0,2,2,0,0,32,2,0,0,6,0,0,0,2,2,0,0,0,0,0,0,0,0,1,0,0,0,0,0,0,0,0,0,0,20,0,1,0,0,0,19,1,0,0,2,37,0,288.20512820512823,4.223076923076921,1.75,11133.589743589744,36227,10714.3,9288,7.390384615384613,0.00795553394443725,45247.313076923056,2.0085853438039893
90804,0,0,0,0,3,0,0,0,0,5,0,2,0,4,3,0,0,2,1,1,0,23,3,0,0,1,0,0,1,4,4,0,0,0,0,0,0,0,0,2,0,0,0,1,0,0,0,0,0,0,15,0,0,0,0,0,22,0,0,0,2,33,1,348.91666666666674,4.35,1.5263157894736843,8282.638888888889,39344,18608.9,15728,6.639473684210526,0.008868357733496004,80948.715,2.25745848656923
90810,0,0,4,0,0,0,0,0,0,4,0,2,0,0,0,0,0,0,0,0,0,26,2,0,0,6,0,0,1,0,3,0,0,0,0,0,0,0,0,1,0,0,0,0,0,0,0,0,0,0,18,0,0,0,0,0,20,3,0,0,4,30,1,138.54285714285714,4.268571428571428,1.2727272727272727,8504.0,38579,5761.3,9578,5.432727272727272,0.003591146923011409,24592.52057142857,1.8911637326529591
90067,0,0,0,0,0,0,0,0,0,7,0,0,0,0,0,0,0,0,0,0,0,11,0,0,0,0,0,0,0,0,0,0,0,0,0,0,0,0,1,1,0,0,0,0,0,0,0,0,0,0,6,0,0,0,0,0,6,0,0,0,5,5,1,64.45454545454545,4.181818181818182,1.8,3267.818181818182,2314,7051.6,1962,7.527272727272727,0.027854168303606507,29488.50909090909,2.0859474847069204
91101,0,0,2,0,7,0,0,1,0,17,0,1,0,5,2,0,2,2,1,0,1,45,4,0,0,4,0,0,0,5,5,0,0,1,0,2,0,0,1,4,0,0,0,1,0,0,0,1,0,0,27,0,3,0,0,0,34,1,0,0,3,53,0,378.5,4.3875,1.930232558139535,9420.089285714286,21394,16085.4,12253,8.46889534883721,0.017691876226979528,70574.6925,2.0768922528021685
90029,0,1,1,0,0,0,0,0,0,9,0,0,0,4,1,0,0,1,3,1,0,14,1,0,1,2,0,0,0,1,4,0,0,0,0,0,0,0,0,0,0,0,0,0,0,0,0,0,0,0,5,0,0,0,0,0,23,0,0,0,5,19,2,175.5,4.2807692307692315,1.7272727272727273,1283.6923076923074,37898,27830.5,15214,7.394055944055945,0.004630851232255,119135.9480769231,2.832091615584308
91105,0,0,3,0,12,0,0,0,0,14,0,0,0,3,1,0,0,1,2,1,1,36,1,0,1,4,0,0,0,3,1,0,0,0,0,1,0,0,0,0,0,0,0,1,0,0,0,0,0,0,22,0,3,0,0,0,28,2,0,0,0,45,0,503.08888888888885,4.35777777777778,2.189189189189189,9558.266666666666,12191,3302.1,6153,9.540000000000004,0.04126723721506758,14389.818000000008,2.1853551232072634
93532,0,0,0,0,0,0,0,0,0,0,0,0,0,1,0,0,0,0,1,0,0,0,0,0,0,0,0,0,0,0,1,0,0,0,0,0,0,0,0,0,0,0,0,0,0,0,0,0,0,0,0,0,0,0,0,0,2,0,0,0,1,0,1,0.5,2.5,,15255.5,2871,25.3,1186,,0.00017415534656913968,63.25,1.4365423308548788
90042,0,0,2,0,4,0,2,0,0,12,0,0,0,5,2,0,0,2,0,0,0,38,2,0,0,5,0,0,1,2,3,0,0,2,0,0,0,0,0,2,0,0,0,0,0,0,0,0,0,0,22,0,3,0,0,0,29,0,0,0,11,36,1,271.5,4.331249999999999,1.5862068965517242,2297.4166666666665,63911,13752.0,21653,6.870258620689654,0.004248095007119275,59563.349999999984,2.2672199576573986
91767,0,0,1,0,0,0,0,0,0,4,0,4,0,2,5,0,2,2,2,0,0,28,2,1,0,3,0,0,0,2,4,0,0,1,0,0,0,1,0,2,0,0,0,0,0,0,0,0,0,0,17,0,1,1,0,0,26,3,0,0,4,35,0,462.79487179487177,4.176923076923076,1.4166666666666667,14407.46153846154,50264,8940.4,14686,5.917307692307692,0.009207282981753776,37343.36307692307,1.8471991596812052
91790,0,0,3,0,2,0,0,0,0,11,0,0,0,10,2,0,3,2,5,1,0,33,3,0,0,1,0,1,1,2,5,0,0,2,0,0,0,0,1,2,0,0,0,0,0,0,0,0,0,0,25,0,4,1,0,0,26,0,0,0,1,49,0,497.22,4.268,1.6176470588235294,14793.36,45206,7831.3,12788,6.904117647058824,0.010998982435959828,33423.9884,1.7784169255068507
90401,0,0,2,1,6,0,1,0,0,20,0,0,0,14,1,0,2,1,4,1,0,43,2,0,0,0,0,0,0,1,3,0,0,1,0,0,0,0,0,1,0,0,0,0,0,0,0,0,0,0,26,0,6,2,0,0,39,0,1,0,3,59,0,1101.1774193548388,4.249999999999999,2.282608695652174,5983.548387096775,7256,8550.1,5475,9.701086956521737,0.15176094533556211,36337.924999999996,2.7160867640512225
91740,0,0,3,0,2,0,0,1,0,10,0,2,0,2,2,0,4,1,4,0,0,38,3,0,0,4,0,0,1,2,6,0,0,0,0,0,0,0,1,1,0,0,0,0,0,0,0,0,0,0,25,0,1,0,0,0,30,3,0,0,3,47,1,374.843137254902,4.386274509803922,1.5833333333333333,13824.470588235294,26115,5245.8,8681,6.9449346405228765,0.014353556854486004,23009.518823529415,1.746516803436552
93551,0,0,2,0,6,0,1,0,0,5,0,0,0,4,0,0,4,0,1,0,0,22,4,0,0,2,0,0,2,0,5,0,0,2,0,0,0,0,1,2,0,0,0,0,0,0,0,0,0,0,16,0,3,0,0,0,16,1,0,0,0,32,0,502.1875,4.228125,1.7916666666666667,15539.875,51085,698.4,17040,7.575390625000001,0.009830429676030147,2952.9225,1.3209627327631261
90017,1,0,3,0,4,1,0,0,0,16,0,0,0,7,4,0,3,4,2,0,1,42,2,0,0,4,0,1,2,6,3,0,0,1,0,0,0,0,0,0,0,0,0,2,0,1,0,0,0,1,22,0,3,2,0,0,34,2,0,0,4,49,0,789.5283018867924,4.2566037735849065,1.9714285714285715,980.509433962264,26728,36800.8,12036,8.39159029649596,0.029539370767988342,156646.42415094344,2.992449035821485
91755,0,0,0,0,0,0,0,0,0,4,0,1,0,3,1,0,1,0,3,0,0,21,2,0,0,1,0,0,1,1,5,0,0,0,0,0,0,0,0,1,0,0,0,0,0,0,0,0,0,0,16,1,0,1,0,0,16,0,0,0,2,32,0,381.79411764705884,4.149999999999999,1.35,14095.5,27734,8927.3,9141,5.602499999999998,0.013766283898718498,37048.294999999984,2.421347345692764
93534,0,0,2,0,0,0,0,0,0,8,0,2,0,2,1,0,0,1,0,0,1,18,2,0,0,2,0,0,1,1,2,0,0,0,0,0,0,0,0,1,0,0,0,0,0,0,0,0,0,0,10,0,1,0,0,0,16,1,0,0,5,18,0,379.2608695652174,4.3,1.6666666666666667,15330.478260869566,39088,2203.2,15929,7.166666666666667,0.0097027443093844,9473.759999999998,1.6325732172002263
90015,0,0,1,0,10,0,0,0,0,10,0,1,0,5,1,0,1,1,3,1,0,30,4,0,0,2,0,0,0,1,4,0,0,1,0,1,0,0,2,0,0,0,0,0,0,0,0,0,0,0,17,0,0,0,0,0,25,1,0,0,9,33,0,507.4523809523809,4.276190476190477,2.230769230769231,709.4761904761905,21801,12744.7,10609,9.53919413919414,0.02327656442146603,54498.76476190478,2.818064623438953
90220,0,0,1,0,0,0,0,0,0,6,0,3,0,3,4,0,1,2,1,0,0,34,1,0,2,4,0,0,1,2,3,0,0,0,0,0,0,0,2,2,0,0,0,0,0,0,0,0,0,0,23,0,0,0,0,0,26,1,0,0,5,37,2,277.6818181818182,4.131818181818181,1.3846153846153846,3943.409090909091,53703,7771.1,14142,5.720979020979019,0.005170694713178373,32108.772272727267,1.6982135566927843
90305,0,0,0,0,1,0,0,1,0,3,0,1,0,2,1,0,0,0,0,0,1,14,4,0,0,3,0,1,0,2,5,0,0,0,0,2,0,0,0,0,0,0,0,1,0,0,0,0,0,0,7,0,1,0,0,1,21,1,0,0,3,23,2,204.78571428571428,3.832142857142857,1.4,5684.821428571428,15397,6661.6,6211,5.364999999999999,0.01330036463504022,25528.202857142856,1.8459895308323213
90404,0,0,0,0,3,0,1,0,0,10,0,1,0,0,2,0,0,1,1,0,0,21,0,0,0,3,0,0,0,3,1,0,0,0,0,0,0,0,0,0,0,0,0,0,1,0,0,0,0,0,9,0,0,0,0,0,17,2,0,0,6,18,0,241.16666666666663,4.283333333333332,1.8461538461538465,6166.833333333332,22819,11451.2,10697,7.907692307692307,0.010568678148326686,49049.30666666666,2.375121220415828
90275,0,0,0,0,3,0,0,0,0,2,0,0,0,0,0,0,0,0,1,0,0,8,1,0,0,0,0,0,0,0,1,0,0,0,0,1,0,0,0,0,0,0,0,0,0,0,0,0,0,0,7,0,0,0,0,0,4,0,0,0,2,8,0,154.4,3.59,2.5,5227.7,42421,3137.1,16838,8.975,0.0036397067490158176,11262.188999999998,2.124819216190701
93553,0,0,0,0,0,0,0,0,0,0,0,0,0,0,1,0,0,0,0,0,0,1,0,0,0,0,0,0,0,0,0,0,0,0,0,0,0,0,0,0,0,0,0,0,0,0,0,0,0,0,0,0,0,0,0,0,1,0,0,0,0,0,1,0.0,0.0,,15785.0,1781,20.6,724,,0.0,0.0,1.3921905232948126
91356,0,0,1,0,0,0,0,0,0,2,0,0,0,0,0,0,1,0,0,0,0,3,1,0,0,0,0,0,0,0,1,0,0,0,0,0,0,0,0,0,0,0,0,0,0,0,0,0,0,0,2,0,0,0,0,0,3,0,0,0,0,3,1,177.75,3.5250000000000004,1.0,11331.0,30804,4199.9,12669,3.5250000000000004,0.00577035449941566,14804.647500000001,2.4661429000613873
91042,0,0,0,0,1,0,0,0,0,3,0,0,0,0,0,0,0,0,0,0,0,22,0,0,0,0,0,0,0,0,0,0,0,0,0,0,0,0,2,0,0,0,0,0,0,0,0,0,0,0,20,0,0,0,0,0,3,0,0,0,0,22,0,212.8636363636364,4.422727272727274,1.2941176470588236,9363.772727272728,26631,533.8,10617,5.723529411764708,0.007993077104263318,2360.8518181818185,2.2552351508677173
91733,0,0,1,0,1,0,0,0,0,2,0,1,0,1,6,0,1,2,0,0,0,26,1,0,1,2,0,0,0,3,3,0,0,0,0,0,0,0,0,0,0,0,0,0,0,0,0,0,0,0,17,0,0,0,0,0,17,1,0,0,9,23,2,256.29411764705884,4.170588235294116,1.3,13758.14705882353,44968,6733.2,11550,5.421764705882351,0.005699477798591417,28081.40470588234,2.2173516113135427
91605,0,0,1,0,0,0,0,0,0,3,0,1,0,1,0,0,0,0,2,0,0,6,0,0,0,1,0,0,0,0,0,0,0,0,0,0,0,0,0,0,0,0,0,0,0,0,0,0,0,0,4,0,1,0,0,0,7,0,0,0,0,9,0,468.0,4.233333333333333,1.2857142857142858,12694.333333333336,52210,9554.9,16636,5.442857142857143,0.008963800038306838,40449.07666666667,2.27737638980502
91792,0,0,0,0,1,0,0,0,0,7,0,2,0,3,4,0,2,3,4,1,0,32,2,0,0,2,0,0,1,3,4,0,0,1,0,0,0,0,3,0,0,0,0,0,0,0,0,0,0,0,21,0,0,0,0,0,21,0,0,1,2,41,0,160.7906976744186,4.2162790697674435,1.5416666666666667,14959.06976744186,29839,7766.3,9079,6.500096899224809,0.005388608789651751,32744.888139534898,1.7872276447924766
90715,0,0,0,0,0,0,0,0,0,0,0,0,0,1,0,0,0,0,0,0,0,1,0,0,0,1,0,0,0,0,0,0,0,0,0,0,0,0,0,0,0,0,0,0,0,0,0,0,0,0,0,0,0,0,0,0,2,0,0,0,0,0,2,0.5,2.5,,7551.0,20136,11841.4,6389,,2.483114819229241e-05,29603.5,1.8162541170922277
90240,0,0,2,0,1,0,0,0,0,8,0,1,0,0,2,0,0,1,2,0,0,31,1,0,0,2,0,0,0,1,1,0,0,0,0,5,0,0,0,1,0,0,0,0,0,0,0,0,0,0,21,0,1,0,0,0,24,0,0,0,4,37,1,510.69047619047615,4.288095238095237,1.6296296296296295,4267.9047619047615,26205,8901.3,7751,6.988007054673719,0.019488283769909413,38169.62214285713,1.9432228539784016
91020,0,1,2,0,3,0,1,2,0,9,0,0,1,3,3,0,1,1,0,2,1,35,0,1,0,2,0,0,0,2,3,0,0,1,0,1,0,0,1,0,0,0,0,0,0,0,1,0,0,0,23,0,1,0,0,0,28,1,0,0,2,46,1,187.14285714285717,4.375510204081633,1.7037037037037035,9121.346938775509,8720,11595.4,3829,7.454572940287226,0.021461336828309308,50735.79102040816,2.087682253502195
90059,0,0,0,0,0,0,0,0,0,1,0,0,0,0,1,0,0,1,0,0,0,6,0,0,0,2,0,0,0,1,0,0,0,0,0,0,0,0,0,1,0,0,0,0,0,0,0,0,0,0,3,0,0,0,0,0,4,2,0,0,1,5,0,445.66666666666674,3.9333333333333336,1.3333333333333333,3019.333333333333,45952,13868.2,11159,5.2444444444444445,0.009698525998142991,54548.25333333334,2.034513418495016
91776,0,0,1,0,1,0,0,0,0,15,0,2,0,0,1,0,0,0,5,1,1,46,0,0,0,4,0,0,1,0,1,0,0,0,0,0,0,0,1,1,0,0,0,0,0,0,0,0,0,0,32,0,0,1,0,0,24,4,0,0,2,56,0,277.82758620689657,4.218965517241379,1.4166666666666667,14711.465517241379,38410,11280.7,12595,5.976867816091954,0.007233209742434172,47592.88431034483,2.4071878998529956
90266,0,0,4,0,11,0,1,3,0,20,0,1,0,9,2,0,2,2,3,0,2,46,1,0,0,3,0,0,0,4,3,0,0,1,0,3,0,0,0,1,0,0,0,0,0,0,1,0,0,0,28,0,3,0,0,0,37,2,0,0,7,52,0,425.88135593220335,4.405084745762712,2.0,4937.28813559322,35573,9037.1,15363,8.810169491525423,0.011972039353785269,39809.191355932206,2.563318673785401
90048,1,0,1,0,4,0,0,0,0,10,0,0,0,7,1,0,3,1,3,0,1,33,5,0,0,3,0,0,0,2,6,0,0,2,0,1,0,0,0,1,0,0,0,0,0,0,0,0,0,0,20,0,2,1,0,0,27,2,0,0,10,36,1,401.9787234042552,4.2042553191489365,2.393939393939394,2702.872340425532,22892,12139.4,13382,10.064732430689878,0.017559790468471746,51037.1370212766,2.5689323292750386
90210,0,0,2,0,4,0,0,1,0,10,0,0,0,7,0,0,0,0,0,0,0,30,0,0,0,2,0,0,0,0,1,0,0,1,0,2,0,0,0,1,0,0,0,0,0,0,0,0,0,0,20,0,1,0,0,0,23,1,0,0,6,31,3,287.95,4.2799999999999985,2.821428571428572,3842.3,19909,1966.4,9843,12.075714285714284,0.014463308051634939,8416.191999999997,2.6342752842387447
91011,1,0,2,0,2,0,0,2,0,11,0,1,0,3,1,0,3,1,2,1,0,37,3,0,0,3,0,0,0,2,6,0,0,0,0,0,0,1,2,5,0,0,0,0,0,0,1,0,0,0,24,0,1,0,0,0,28,1,0,0,6,40,2,203.16666666666663,4.245833333333331,1.8378378378378382,9142.395833333334,20423,1723.0,7030,7.80315315315315,0.00994793451827188,7315.57083333333,2.162172582898177
90049,0,0,0,0,1,0,0,0,0,1,0,0,0,0,0,0,0,0,0,0,0,3,0,0,0,0,0,0,0,0,0,0,0,0,0,0,0,0,0,0,0,0,0,0,0,0,0,0,0,0,3,0,0,0,0,0,2,0,0,0,2,3,0,75.4,4.5,2.333333333333333,3116.6,36964,2461.1,18167,10.499999999999998,0.0020398225300292177,11074.949999999999,2.7515481464512135
90710,0,0,1,0,0,0,1,0,0,3,0,0,0,1,1,0,1,0,1,0,0,20,0,0,0,2,0,0,0,0,0,0,0,0,0,4,0,0,2,1,0,0,0,0,0,0,0,0,0,0,15,0,1,0,0,0,16,0,0,0,0,27,3,125.26666666666668,4.12,1.2666666666666666,7337.0,28185,11972.9,9495,5.218666666666667,0.004444444444444445,49328.348,2.0590996246026685
91202,0,0,1,0,1,0,0,0,0,5,0,0,0,1,2,0,0,0,0,0,0,21,1,0,0,4,0,0,0,0,1,0,0,0,0,0,0,0,2,1,0,0,0,0,0,0,2,0,0,0,14,0,0,0,0,0,19,2,0,0,3,25,0,129.0,4.017857142857143,1.6666666666666667,9942.5,23317,11376.3,9224,6.696428571428572,0.005532444139469057,45708.34821428572,2.3328805400880737
90007,0,0,0,0,0,0,0,0,0,11,0,1,0,0,1,0,0,1,0,1,0,20,0,0,0,0,0,0,0,1,0,0,0,0,0,0,0,0,0,1,0,0,0,0,0,0,0,0,0,0,9,0,0,0,0,0,15,0,0,0,4,19,0,523.5217391304348,4.282608695652173,1.7333333333333334,805.9565217391304,41716,16908.7,12914,7.4231884057971,0.012549662938211591,72413.3456521739,3.136359063713003
90606,0,0,0,0,0,0,0,0,0,1,0,0,0,0,2,0,0,0,0,0,0,7,0,0,0,1,0,0,0,0,0,0,0,0,0,0,0,0,1,0,0,0,0,0,0,0,0,0,0,0,3,0,0,0,0,0,4,0,0,0,0,7,0,157.42857142857142,4.1,1.2,6898.571428571428,32803,8671.3,9026,4.919999999999999,0.004799212615570875,35552.329999999994,1.802927526743772
90807,0,0,1,0,3,0,0,0,0,10,0,0,0,2,5,0,0,4,3,2,1,39,1,0,0,3,0,0,0,6,1,0,0,0,0,1,0,0,1,0,0,0,0,0,0,0,0,0,0,0,23,0,1,0,0,0,24,1,0,0,3,44,0,394.2765957446808,4.342553191489362,1.7428571428571429,8140.148936170212,32067,5493.0,13245,7.568449848024317,0.012295400123013714,23853.644680851063,2.0168626931822007
91367,0,0,0,0,4,0,0,0,0,4,0,1,0,0,0,0,0,0,2,0,0,16,2,0,0,0,0,0,1,0,5,0,0,0,0,1,0,0,0,0,0,0,0,0,0,0,0,0,0,0,11,0,0,0,0,0,13,0,0,0,0,24,0,579.5,4.254166666666666,2.0625,11700.5,45282,6093.9,19188,8.77421875,0.01279757961220794,25924.466249999998,2.0273791737358127
90201,0,0,2,0,2,0,0,0,0,9,0,2,0,2,5,0,2,2,0,0,1,37,1,0,0,3,0,0,0,2,1,0,0,0,0,3,0,0,2,0,0,0,0,0,0,0,0,0,0,0,25,0,2,0,0,0,29,0,0,0,3,46,1,338.58,4.183999999999998,1.3548387096774193,3712.06,102433,17252.3,24723,5.66864516129032,0.003305380102115529,72183.62319999997,2.2195995511652558
90270,0,0,6,0,2,0,1,0,0,7,0,1,0,3,2,0,0,0,0,0,0,34,1,0,0,5,0,0,1,0,3,0,0,0,0,1,0,0,0,1,0,0,0,0,0,0,0,0,0,0,24,0,0,0,0,0,28,3,0,0,4,40,3,234.5106382978724,3.9851063829787226,1.48,4884.8510638297885,27454,21759.3,6857,5.897957446808509,0.008541947923722313,86713.12531914891,2.2456633655457345
90001,0,0,3,0,0,0,1,0,0,5,0,3,0,2,2,0,0,2,1,0,0,32,0,0,0,6,0,0,0,2,0,0,0,0,0,2,1,0,0,2,0,0,0,0,0,0,1,1,0,0,22,0,0,0,0,0,26,3,0,0,4,37,4,312.4,4.286666666666667,1.5909090909090908,32.022222222222226,58975,16838.6,14294,6.81969696969697,0.0052971598134802875,72181.46533333334,2.1662051875981247
91040,0,0,1,0,2,0,0,0,0,4,0,0,0,2,5,0,0,0,1,1,0,29,0,0,0,1,0,0,0,2,3,0,0,0,0,3,0,0,1,2,0,0,0,0,0,0,0,0,0,0,20,0,0,0,0,0,22,0,0,0,4,33,3,96.95,3.9825,1.3636363636363635,9298.675,20207,2463.3,7717,5.430681818181817,0.004797842331865195,9810.09225,1.8922264101582638
90061,0,0,0,0,0,0,0,0,0,1,0,0,0,2,2,0,0,0,0,0,0,9,0,0,0,0,0,0,0,0,0,0,0,0,0,0,0,0,1,0,0,0,0,0,0,0,0,0,0,0,6,0,0,0,0,0,7,0,0,0,0,8,5,106.3846153846154,3.3307692307692305,1.0,2854.8461538461543,27646,10386.4,7649,3.3307692307692305,0.0038481015475879117,34594.70153846154,2.1240059897373906
93535,0,0,1,0,1,0,0,0,0,3,0,1,0,1,3,0,1,1,2,0,0,12,1,1,0,2,0,0,0,1,1,0,0,0,0,0,0,0,0,0,0,0,0,0,0,0,0,0,0,0,4,0,0,0,0,0,9,2,0,0,0,14,0,381.1428571428572,4.014285714285714,1.4166666666666667,15378.357142857143,72948,282.8,23329,5.686904761904763,0.005224856845189137,1135.24,1.420882391282847
91331,0,0,1,0,0,0,0,0,0,1,0,0,0,3,2,0,2,2,1,0,0,10,2,0,0,5,0,0,0,2,2,0,0,0,0,1,0,0,0,0,0,0,0,0,0,0,0,0,0,0,3,0,1,1,0,0,9,2,0,0,0,11,0,357.1818181818182,3.918181818181819,1.5714285714285714,11013.181818181818,105799,11951.0,23978,6.157142857142858,0.003376041533301999,46826.19090909092,1.869914276756707
91780,0,0,0,0,0,0,1,0,0,7,0,2,0,3,5,0,2,3,2,0,0,32,1,0,0,1,0,0,0,3,4,0,0,1,0,0,0,0,1,0,0,0,0,0,0,0,1,0,0,0,23,0,1,0,0,0,25,1,0,0,2,43,1,190.5434782608696,4.065217391304347,1.4074074074074074,14785.217391304348,35351,9238.4,11827,5.721417069243155,0.0053900449283151705,37556.104347826076,2.3070160703929403
90640,0,0,2,0,4,0,0,1,0,10,0,0,0,9,3,0,6,3,2,2,0,36,3,0,0,3,0,0,0,3,4,0,0,1,0,0,0,0,2,2,0,0,0,0,0,0,0,0,0,0,21,0,5,0,0,0,31,1,0,0,3,47,0,505.72,4.198000000000001,1.65625,6661.74,63177,7440.8,20502,6.952937500000002,0.008004811877740317,31236.47840000001,2.1651425700342717
91803,0,0,0,0,0,0,0,0,0,3,0,2,0,0,4,0,2,1,2,0,1,28,4,0,0,0,0,0,2,1,8,0,0,0,0,0,0,0,0,0,0,0,0,0,0,0,0,0,0,0,19,0,0,0,0,0,23,0,0,0,3,39,0,545.1666666666666,4.128571428571428,1.5862068965517242,14811.857142857143,30385,9303.1,10222,6.548768472906404,0.017941966979320937,38408.51285714286,2.2787241707483545
90211,0,0,0,0,4,0,0,0,0,9,0,1,0,3,1,0,0,1,1,0,0,32,1,0,1,1,0,0,0,1,6,0,0,0,0,3,0,0,1,0,0,0,0,1,0,0,0,0,0,0,22,0,0,0,0,0,26,0,0,0,10,31,4,272.0888888888889,3.8866666666666663,2.24,3676.666666666666,7969,11378.1,4507,8.706133333333334,0.03414341685141033,44222.882,2.945828513358749
90232,0,0,1,0,7,0,0,1,0,10,0,0,0,0,2,0,0,1,2,0,1,30,0,0,0,4,0,0,0,3,3,0,0,0,0,2,0,0,1,0,0,0,0,1,0,0,0,0,0,0,19,0,0,2,0,0,23,2,0,0,5,32,2,375.35897435897436,4.3128205128205135,2.2222222222222223,3689.717948717949,14660,6960.6,6831,9.584045584045587,0.02560429565886592,30019.818461538467,2.5219730003377068
91364,0,0,0,0,1,0,0,0,0,1,0,0,0,0,0,0,0,0,0,0,0,8,0,0,0,0,0,0,0,0,0,0,0,0,0,0,0,0,2,2,0,0,0,0,0,0,0,0,0,0,7,0,0,0,0,0,2,0,0,0,0,9,0,148.22222222222226,4.455555555555557,1.5714285714285714,7583.222222222223,27340,3600.7,11449,7.001587301587303,0.005421441924733806,16043.118888888892,2.0578799756892465
91405,0,0,1,0,0,0,0,0,0,3,0,2,0,3,3,0,0,2,1,0,0,18,3,0,0,3,0,0,0,2,3,0,0,0,0,0,0,0,0,1,0,0,0,0,0,0,0,0,0,0,11,0,1,0,0,0,14,1,0,0,0,21,1,542.3181818181819,4.168181818181818,1.4117647058823528,12316.863636363636,55384,16737.9,18751,5.884491978609625,0.00979196486021562,69766.61045454546,2.3514758526450756
90504,0,0,0,0,0,0,0,0,0,1,0,0,0,0,2,0,0,1,0,0,0,17,0,0,0,1,0,0,1,1,0,0,0,0,0,0,0,0,1,1,0,0,0,0,0,0,0,0,0,0,13,0,0,0,0,0,5,1,0,0,0,18,0,322.3888888888889,4.272222222222221,1.6428571428571428,6395.61111111111,33721,7576.2,12333,7.018650793650791,0.00956047830399125,32367.209999999992,1.9527504056195457
90293,0,0,1,0,5,0,0,0,0,4,0,0,0,0,0,0,0,0,0,0,0,20,0,0,0,0,0,0,0,0,0,0,0,0,0,0,0,0,3,2,0,0,0,0,0,0,0,0,0,0,19,0,0,0,0,0,5,0,0,0,1,19,0,265.05,4.4449999999999985,1.6842105263157894,5651.8,12694,4440.6,7059,7.486315789473681,0.0208799432802899,19738.466999999993,1.9630660724200244
91724,0,0,1,0,1,0,0,0,0,1,0,0,0,1,5,0,0,2,2,0,0,21,1,1,1,2,0,0,1,2,3,0,0,0,0,1,0,0,0,1,0,0,0,0,0,0,0,0,0,0,13,0,0,0,0,0,14,0,0,0,2,23,1,286.61538461538464,3.996153846153846,1.4375,13587.730769230771,26091,4184.8,8362,5.7444711538461535,0.010985220367766075,16723.104615384615,1.8066248645487806
90248,0,0,2,0,1,0,0,0,0,6,0,1,0,3,0,0,1,0,1,0,0,20,2,0,1,3,0,0,1,0,3,1,0,0,0,0,0,0,0,1,0,0,0,0,0,0,0,0,0,0,15,0,1,0,0,0,20,2,0,0,2,29,2,545.1212121212121,4.351515151515152,1.631578947368421,4425.363636363636,11512,2452.5,3977,7.0998405103668265,0.04735243329753406,10672.09090909091,1.9847704409802844
90502,0,0,0,0,1,0,0,0,0,1,0,0,0,0,0,0,0,0,0,0,0,15,0,0,0,0,0,0,0,0,0,0,0,0,0,0,0,0,1,1,0,0,0,0,0,0,0,0,0,0,14,0,0,0,0,0,2,0,0,0,0,15,0,466.6,4.28,1.5,6367.666666666668,18188,8137.0,6415,6.42,0.025654277545634485,34826.36,1.8171095005703437
91343,0,0,0,0,0,0,0,0,0,4,0,4,0,1,2,0,1,0,0,1,0,14,0,0,0,0,0,0,0,0,0,0,0,1,0,0,0,0,1,0,0,0,0,0,0,0,0,0,0,0,10,0,0,0,0,0,13,0,0,0,1,20,0,297.5238095238095,4.095238095238095,1.3636363636363635,11240.047619047617,66590,11264.9,18357,5.584415584415583,0.004467995337495262,46132.44761904761,2.045367536629298
90026,1,0,1,0,4,0,0,0,0,17,0,0,0,8,2,0,0,1,0,0,0,43,1,0,0,4,0,0,0,2,4,0,0,2,0,0,0,0,2,1,0,0,0,0,0,0,0,0,0,0,22,0,1,0,0,0,32,2,0,0,11,40,1,282.92307692307685,4.413461538461538,1.7777777777777777,1445.3653846153845,69589,16474.8,27514,7.846153846153846,0.004065629293754427,72710.89615384614,2.548422163451679
90292,0,0,1,0,7,0,0,1,0,12,0,0,0,2,1,0,0,1,1,2,1,31,0,0,0,4,0,0,0,2,0,0,0,0,0,2,0,0,1,1,0,0,0,0,0,0,0,0,0,0,17,0,0,1,0,0,23,1,0,0,2,35,1,448.73684210526324,3.947368421052632,2.066666666666667,5536.815789473684,22490,11046.9,14360,8.157894736842106,0.019952727528024156,43606.18421052632,2.157169684753445
90706,0,0,0,0,1,0,0,0,0,1,0,1,0,1,2,0,0,1,0,0,0,8,0,0,0,0,0,0,0,1,1,0,0,0,0,0,0,0,0,0,0,0,0,0,0,0,0,0,0,0,6,0,0,0,0,0,5,0,0,0,1,9,0,508.0,4.25,1.5,7323.5,77529,12689.6,25209,6.375,0.006552386848792065,53930.8,2.0576001960039902
90039,0,0,1,0,5,0,0,0,0,9,0,0,0,3,1,0,0,1,2,0,0,30,3,0,1,1,0,0,0,3,5,0,0,1,0,3,0,0,1,1,0,0,0,0,0,0,0,0,0,0,19,0,0,0,0,0,26,1,0,0,2,40,0,319.42857142857144,4.480952380952381,1.8333333333333333,2168.4523809523807,29589,7848.0,12288,8.215079365079365,0.010795517639277144,35166.514285714286,2.2410912206406466
90745,0,0,3,0,0,0,0,0,0,8,0,1,0,1,1,0,1,1,2,1,1,25,3,0,0,4,0,0,1,1,5,0,0,0,0,0,0,0,1,0,0,0,0,0,0,0,0,0,0,0,14,0,0,0,0,0,21,0,0,0,0,31,0,318.4193548387097,4.232258064516127,1.619047619047619,7743.645161290324,56821,6846.3,15673,6.852227342549921,0.005603902691587788,28975.308387096764,1.698958624636249
90280,0,0,5,0,1,0,0,0,0,17,0,3,0,4,4,0,4,3,7,0,1,39,3,0,0,2,0,0,0,3,3,0,0,1,0,0,0,0,1,2,0,0,0,0,0,0,0,0,0,0,24,0,1,0,0,0,33,1,0,0,1,48,2,581.7450980392158,4.2470588235294136,1.5588235294117647,4852.274509803921,95103,13018.7,24385,6.620415224913498,0.006117000494613375,55291.18470588238,2.0123922087894033
90033,0,0,1,0,1,0,0,1,0,9,0,1,0,2,2,0,0,1,5,0,0,31,0,0,0,4,0,0,0,1,3,0,0,0,0,0,0,0,0,1,0,0,0,0,0,0,0,0,0,0,19,0,0,0,0,0,27,2,0,0,5,34,5,315.0,4.038636363636363,1.4782608695652173,1737.9318181818182,47583,14563.1,14061,5.970158102766797,0.006620011348590883,58815.065227272724,2.404197171981229
90010,0,0,2,0,4,0,0,1,0,13,0,0,0,2,2,0,1,1,2,1,1,36,1,0,0,0,0,0,0,1,1,0,0,0,0,0,0,0,2,2,0,0,0,1,0,0,0,0,0,0,21,0,0,0,0,0,28,0,0,0,4,44,1,337.06122448979585,4.106122448979591,1.6363636363636365,396.1020408163265,3702,8095.1,2294,6.719109461966604,0.09104841288217068,33239.471836734694,2.651582985634707
90212,0,0,1,0,4,0,0,0,0,8,0,0,0,4,0,0,2,0,0,0,0,18,0,0,0,1,0,0,0,0,0,0,0,4,0,0,0,1,0,0,0,0,0,1,0,0,0,0,0,0,11,0,2,0,0,0,16,0,0,0,3,22,0,284.16,4.392,2.6842105263157894,3887.72,13156,13771.9,6711,11.789052631578947,0.021599270294922472,60486.1848,3.059247818621798
90701,0,0,0,0,0,0,0,0,0,0,0,0,0,1,0,0,0,0,0,0,0,0,0,0,0,0,0,0,0,0,0,0,0,0,0,0,0,0,0,0,0,0,0,0,0,0,0,0,0,0,0,0,0,0,0,0,1,0,0,0,0,1,0,225.0,4.5,,7194.0,16858,10342.2,4861,,0.013346778977340136,46539.9,2.071501588336864
93552,0,0,0,0,0,0,0,0,0,1,0,0,0,0,0,0,0,0,0,0,0,9,2,0,0,1,0,0,0,0,2,0,0,0,0,0,0,0,0,0,0,0,0,0,0,0,0,0,0,0,7,0,0,0,0,0,4,0,0,0,0,11,0,305.45454545454544,4.172727272727273,1.5714285714285714,15647.909090909092,40266,830.7,10802,6.557142857142857,0.007585917286409016,3466.284545454546,1.3387719471009984
91008,0,0,0,0,0,0,0,0,0,0,0,0,0,0,0,0,0,0,0,0,0,0,0,0,0,0,0,0,0,0,1,0,0,0,0,0,0,0,0,0,0,0,0,0,0,0,0,0,1,0,0,0,0,0,0,0,1,0,0,0,0,1,0,17.0,4.8,,8874.0,1141,563.6,563,,0.014899211218229623,2705.28,2.6112609632700563
91606,0,0,2,0,1,0,0,0,0,2,0,3,0,0,0,0,0,0,0,0,0,11,1,0,0,3,0,0,0,0,2,0,0,0,0,1,0,0,1,3,0,0,0,0,0,0,0,0,0,0,7,0,0,0,0,0,10,1,0,0,3,13,0,238.375,4.2625,1.4545454545454546,13138.0625,44476,13346.1,16203,6.2,0.005359632161165573,56887.75125,2.4401602845513963
91324,0,0,4,0,4,0,0,0,0,15,0,0,0,6,1,0,5,1,2,1,0,38,4,0,0,2,0,0,0,1,5,0,0,2,0,0,0,0,1,5,0,0,0,0,0,0,0,0,0,0,23,0,3,0,0,0,26,0,0,0,2,46,1,431.79591836734687,4.306122448979592,1.7027027027027026,10860.632653061224,29617,6747.4,10538,7.332046332046333,0.014579326682896541,29055.1306122449,2.0471749594722537
93536,0,0,0,0,1,0,0,0,0,3,0,0,0,2,4,0,0,4,0,1,0,18,2,0,0,1,0,0,0,4,2,0,0,0,0,0,0,0,1,0,0,0,0,0,0,0,0,0,0,0,10,0,0,0,0,0,13,0,0,0,1,22,0,304.9130434782609,4.030434782608697,1.8125,15392.08695652174,72383,298.2,23100,7.305163043478262,0.004212495247202532,1201.8756521739133,1.3980976038836348
93550,0,0,2,0,1,0,1,1,0,4,0,3,0,4,4,0,1,1,0,1,0,32,1,1,0,1,0,0,1,1,3,0,0,1,0,0,0,0,1,2,0,0,0,0,0,0,0,0,0,0,22,0,3,1,0,0,18,0,0,1,3,33,2,347.2894736842105,4.2105263157894735,1.5,15580.289473684208,77006,392.6,23396,6.315789473684211,0.004509901484094882,1653.0526315789473,1.617682179214097
91345,0,0,0,0,0,0,0,0,0,0,0,0,0,0,1,0,0,1,0,1,0,1,0,0,0,0,0,0,0,1,0,0,0,0,0,0,0,0,0,0,0,0,0,0,0,0,0,0,0,0,0,0,0,0,0,0,2,0,0,0,0,2,0,37.0,3.9,,11362.0,19205,5925.9,5516,,0.0019265816193699558,23111.01,1.7605319286482144
91103,1,0,2,0,4,0,0,0,0,3,0,1,0,6,1,0,0,1,1,0,0,28,2,0,1,2,0,0,2,1,3,0,0,1,0,2,0,0,2,0,0,0,0,1,0,0,0,0,0,0,21,0,0,0,0,0,25,0,0,0,7,36,1,213.29545454545453,4.145454545454546,1.947368421052632,9487.568181818182,28425,5276.1,9088,8.072727272727276,0.007503797873191013,21871.832727272733,2.274850600577989
91384,0,0,0,0,0,0,0,0,0,0,0,0,0,0,0,0,0,0,0,0,0,1,0,0,0,0,0,0,0,0,0,0,0,0,0,0,0,0,0,0,0,0,0,0,0,0,0,0,0,0,1,0,0,0,0,0,0,0,0,0,0,0,1,48.0,4.5,,11990.0,28842,265.6,7138,,0.0016642396505096733,1195.2,1.514996903920474
90036,0,0,3,0,7,0,0,1,0,22,0,0,0,4,0,0,0,0,4,0,2,47,6,0,0,8,0,0,0,4,6,0,0,0,0,2,0,0,1,1,0,0,0,0,0,0,1,0,0,0,22,0,0,2,0,0,43,5,1,0,7,55,0,896.0,4.36451612903226,1.9791666666666667,1671.967741935484,37988,15377.8,20661,8.638104838709681,0.023586395703906495,67116.65612903227,2.728038888465668
91423,0,0,0,0,0,0,0,0,0,0,0,0,0,0,0,0,0,0,0,0,0,2,0,0,0,0,0,0,0,0,0,0,0,0,0,0,0,0,0,0,0,0,0,0,0,0,0,0,0,0,2,0,0,0,0,0,0,0,0,0,0,2,0,506.5,4.5,2.0,12521.0,33737,7732.4,16333,9.0,0.01501319026588019,34795.799999999996,2.363937262347352
91007,0,0,0,0,1,0,0,0,0,7,0,0,0,12,1,0,3,1,2,0,0,30,3,0,0,2,0,0,0,1,4,0,0,2,0,0,0,0,0,2,0,1,0,0,0,0,0,0,0,0,20,0,6,1,0,0,25,0,0,0,1,44,0,525.2888888888889,4.322222222222224,1.8214285714285716,8816.422222222222,34523,6210.5,12800,7.872619047619051,0.01521562114789818,26843.16111111112,2.539430713262687
90291,0,0,5,0,4,0,0,0,0,17,0,0,0,10,3,0,2,2,2,0,1,39,2,0,0,4,0,0,0,5,3,0,0,3,0,1,0,0,1,1,0,0,0,1,0,0,0,1,0,0,27,0,3,0,0,0,37,1,0,0,3,50,0,398.5283018867925,4.366037735849057,2.054054054054054,5527.452830188679,27525,11016.9,15640,8.968077511473737,0.0144787757270406,48100.20113207547,2.8082656104550536
90022,0,0,3,0,0,0,0,0,0,11,0,1,0,7,2,0,3,2,3,0,1,34,2,0,1,3,0,0,0,2,4,0,0,0,0,0,0,0,0,3,0,0,0,0,0,0,0,0,0,0,23,0,6,0,0,0,31,0,0,0,4,45,1,406.38,4.1739999999999995,1.5483870967741935,1265.44,65890,15037.8,18328,6.462967741935483,0.006167551980573683,62767.77719999999,2.1535099824126616
91401,0,0,0,0,0,0,1,0,0,2,0,1,0,3,3,0,0,2,1,2,0,12,0,0,0,0,0,0,0,2,1,0,0,1,0,0,0,0,0,0,0,0,0,0,0,0,0,0,0,0,9,0,1,0,0,0,13,0,0,0,2,16,2,182.25,4.025,1.75,12155.3,41412,11992.5,15582,7.043750000000001,0.004400898290350623,48269.81250000001,2.4798127353843737
91723,0,1,1,0,1,0,0,1,0,6,0,2,0,1,3,0,0,1,1,3,0,26,3,1,0,0,0,0,0,1,7,0,0,0,0,1,1,0,0,2,0,0,0,0,0,0,0,0,0,0,21,0,2,0,0,0,26,0,0,0,6,37,0,390.04651162790697,4.306976744186047,1.5,13526.697674418603,18875,8126.6,6439,6.46046511627907,0.02066471584783613,35001.077209302326,1.9499256912007155
90255,0,0,2,0,2,0,1,0,0,11,0,2,0,4,4,0,3,4,5,0,0,39,6,0,0,3,0,0,1,4,10,0,0,4,0,0,0,0,1,1,0,0,0,0,0,0,0,0,0,0,24,0,2,0,0,0,30,2,0,0,2,49,0,596.4313725490197,4.217647058823529,1.5,4307.254901960784,75560,20321.3,19016,6.326470588235293,0.007893480314306771,85708.07117647056,2.1813674063654207
90732,0,0,3,0,0,0,0,0,0,5,0,0,0,1,2,0,1,1,4,1,0,31,1,0,0,4,0,0,1,2,3,0,0,0,0,0,0,0,0,3,0,0,0,0,0,0,0,0,0,0,17,0,1,0,0,0,25,2,0,0,2,38,0,244.7,4.215,1.4838709677419355,7601.225,22273,6500.4,9194,6.2545161290322575,0.010986396084945898,27399.185999999998,1.790898291371774
90064,0,0,0,0,1,0,0,0,0,2,0,1,0,0,0,0,0,0,1,0,0,5,0,0,0,0,0,0,0,0,0,0,0,0,0,0,0,0,1,0,0,0,0,0,0,0,0,0,0,0,4,0,0,0,0,0,4,0,0,0,2,6,0,209.125,4.2625,2.142857142857143,3022.875,25429,6339.7,11734,9.133928571428571,0.00822387824924299,27022.97125,2.4535790420031707
90803,0,0,1,0,9,0,0,1,0,8,0,0,0,6,2,0,2,2,2,0,1,39,2,0,0,4,0,0,1,5,3,0,0,0,0,1,0,0,0,1,0,0,0,1,0,0,0,2,0,0,27,0,3,0,0,0,28,2,0,0,3,50,0,462.56603773584914,4.343396226415093,1.9047619047619049,8269.867924528302,32389,8031.3,18166,8.273135669362082,0.014281578243720063,34883.118113207536,2.2776961483970855
90041,0,0,1,0,3,0,0,0,0,11,0,0,0,5,5,0,2,4,2,0,1,38,2,0,0,4,0,0,1,6,4,0,0,1,0,2,0,0,1,2,0,0,0,0,1,0,0,0,0,0,21,0,2,0,0,0,29,2,0,0,5,43,0,217.875,4.258333333333334,1.7241379310344829,2370.625,29516,8181.5,10191,7.3419540229885065,0.007381589646293536,34839.55416666667,2.1605237132783497
90002,0,0,0,0,0,0,0,0,0,3,0,1,0,3,4,0,0,1,1,0,0,22,0,0,0,3,0,0,0,1,0,0,0,0,0,0,0,0,0,2,0,0,0,0,0,0,0,0,0,0,16,0,1,0,0,0,17,0,0,0,5,23,3,176.1290322580645,3.9580645161290313,1.0666666666666669,79.25806451612904,53111,17345.1,13334,4.2219354838709675,0.0033162439467918983,68653.02483870965,2.1565908358285686
90021,0,0,1,0,4,0,0,0,0,9,0,0,0,6,1,0,1,0,0,1,0,27,2,0,1,0,1,2,0,2,4,0,0,0,0,1,0,0,2,1,0,0,0,1,0,0,0,0,0,0,18,0,2,1,0,0,23,0,0,0,10,25,3,444.3684210526316,4.371052631578949,2.0,1041.2105263157894,2922,1411.3,2059,8.742105263157898,0.15207680391944955,6168.866578947371,4.073960869711415
90013,0,0,1,0,8,0,0,4,0,15,0,0,0,4,2,0,0,2,2,0,0,34,1,0,0,1,0,0,0,2,3,0,0,0,0,0,0,0,0,0,0,0,0,1,0,0,0,0,0,0,19,0,0,0,0,0,28,1,1,0,11,34,0,924.1555555555556,4.453333333333333,2.1153846153846154,765.7333333333332,11937,17791.9,8226,9.42051282051282,0.07741941489114146,79233.26133333334,3.2653874524728126
91206,0,0,0,0,1,0,0,0,0,5,0,0,0,2,1,0,1,1,2,1,0,18,4,0,0,4,0,0,0,3,5,0,0,0,0,0,0,0,2,0,0,0,0,0,0,0,0,0,0,0,9,0,1,0,0,0,18,1,0,0,3,24,0,249.9259259259259,4.211111111111111,1.95,10165.851851851852,34386,5845.6,14079,8.211666666666666,0.007268246551675853,24616.471111111114,2.478288597486425
90043,0,0,1,0,1,0,0,0,0,2,0,1,0,1,5,0,0,2,1,0,0,29,2,0,0,6,0,1,0,4,2,0,0,0,0,4,0,0,1,1,0,0,0,0,0,0,1,0,0,0,19,0,0,0,0,0,22,0,0,0,4,34,2,272.35,4.1825,1.4545454545454546,2455.7,44627,10796.3,18472,6.083636363636364,0.0061028077173011855,45155.52475,2.332859020157521
90024,0,0,2,0,0,0,0,0,0,10,0,0,0,2,2,0,0,1,1,1,1,36,0,0,0,3,0,0,0,4,0,0,0,0,0,1,0,1,0,2,0,0,0,0,0,0,0,0,0,0,23,0,1,0,0,0,23,3,0,0,7,36,1,322.47727272727275,4.277272727272727,1.8125,1918.5681818181815,50288,17125.5,19444,7.7525568181818185,0.006412608827697915,73250.4340909091,2.919936319718068
90004,0,0,0,0,2,0,0,0,0,9,0,0,0,1,1,0,0,1,1,0,0,20,2,0,1,0,0,0,0,1,2,0,0,0,0,0,0,0,0,1,0,0,0,0,0,0,0,0,0,0,11,0,0,0,0,0,14,0,0,0,3,21,0,257.75,4.383333333333334,1.7647058823529411,211.04166666666663,61586,20204.8,24883,7.73529411764706,0.0041852044295781505,88564.37333333334,3.0348709387912436
90713,0,0,0,0,0,0,0,0,0,7,0,1,0,3,5,0,3,4,1,0,0,32,2,0,0,6,0,0,1,6,3,0,0,0,0,0,0,0,3,1,0,0,0,0,0,0,0,0,0,0,16,0,1,1,0,0,23,1,0,0,0,37,2,222.48717948717945,4.253846153846155,1.5357142857142858,7495.025641025641,29061,8562.8,9544,6.53269230769231,0.00765586798414299,36424.83384615385,1.7305133910818085
90063,0,0,1,0,0,0,0,0,0,3,0,1,0,2,1,0,0,1,1,0,1,16,0,0,0,6,0,0,0,1,0,0,0,0,0,1,0,0,0,0,0,0,0,0,0,0,1,0,0,0,5,0,1,0,0,0,22,1,0,0,4,18,5,208.48148148148152,4.2703703703703715,1.5714285714285714,2854.037037037037,52951,16180.8,14377,6.710582010582012,0.003937252959934308,69098.0088888889,2.0914261607506512
90037,0,1,1,0,2,0,0,0,0,2,0,1,0,2,2,0,2,1,0,2,0,25,1,0,0,9,0,0,0,1,1,0,0,0,0,1,0,0,0,0,0,0,0,0,0,0,0,0,0,0,15,0,2,0,0,0,18,2,0,0,1,29,2,387.75,4.171875,1.2727272727272727,1919.5,65016,22916.0,18358,5.309659090909091,0.00596391657438169,95602.6875,2.3911164626025743
91303,0,0,2,0,3,0,0,0,0,12,0,3,0,5,1,0,3,1,3,0,0,23,1,0,0,1,0,0,0,1,3,0,0,0,0,0,0,0,0,2,0,1,0,0,0,0,0,0,0,0,13,0,1,2,0,0,22,0,0,0,3,28,1,592.0,4.156250000000001,1.5909090909090908,10606.1875,31053,14353.9,10342,6.61221590909091,0.019064180594467524,59658.39687500001,2.0594257590719938
90046,0,1,1,0,4,0,0,0,0,16,0,0,0,7,3,0,1,2,3,2,2,36,2,0,1,6,0,0,1,5,4,0,0,0,0,2,0,0,0,0,0,0,0,0,0,0,0,0,0,0,16,0,1,0,0,0,34,2,0,0,7,39,1,357.48936170212767,4.236170212765957,2.1379310344827585,2595.3829787234044,50587,8745.6,31966,9.05663976522377,0.007066822735132102,37047.85021276596,2.8314392503122248
91505,0,0,3,0,6,0,0,0,0,21,0,1,0,3,6,0,1,3,2,0,0,52,2,0,0,5,0,0,0,4,3,0,0,0,0,2,0,0,0,0,0,0,0,0,0,0,0,0,0,0,25,0,1,0,0,0,39,2,0,0,8,50,2,410.1833333333333,4.135000000000002,1.7674418604651163,12410.3,30680,6086.9,13431,7.308372093023259,0.01336973055193394,25169.331500000008,2.064852644458822
90304,0,0,1,0,0,0,0,0,0,1,0,0,0,0,2,0,0,1,0,0,0,15,0,0,0,0,0,0,0,1,0,0,0,0,0,0,0,0,0,0,0,0,0,0,0,0,0,0,0,0,11,0,0,0,0,0,4,0,0,0,0,15,0,294.73333333333335,3.86,1.1,5871.9333333333325,25591,16335.1,6772,4.246,0.011517069803186017,63053.486,2.2177861738954
91504,0,0,1,0,1,0,1,0,0,7,0,1,0,3,2,0,2,1,2,1,0,22,3,1,0,3,0,0,1,2,3,0,0,0,0,0,0,0,1,1,0,0,0,0,0,0,0,0,0,0,13,0,1,0,0,0,15,1,0,0,2,25,0,456.2592592592592,4.2296296296296285,1.5882352941176472,12626.740740740739,26863,5442.6,9791,6.717647058823529,0.016984672570422483,23020.182222222218,2.2516561447393477
90250,0,0,0,0,0,0,0,0,0,10,0,0,0,1,1,0,1,1,3,1,0,13,2,0,0,2,0,0,1,1,3,0,0,0,0,0,0,0,0,0,0,0,0,0,0,0,0,1,0,0,4,0,0,0,0,0,16,0,0,0,1,16,0,748.1176470588235,3.9647058823529417,1.6666666666666667,4441.823529411765,96836,14464.5,33467,6.607843137254903,0.007725614926874546,57347.48823529413,2.265257414602529
90301,0,0,0,0,2,0,0,0,0,7,0,0,0,4,6,0,2,2,2,0,0,42,1,0,0,4,0,0,1,2,4,0,0,0,0,1,0,0,1,1,0,0,0,0,0,0,0,0,0,0,29,0,1,0,0,0,25,1,0,0,4,47,0,467.90196078431364,4.247058823529411,1.4722222222222223,5736.254901960784,37291,15051.6,12686,6.252614379084966,0.012547315995396038,63925.030588235284,2.1954229226027064
90018,0,0,0,0,0,0,0,0,0,2,0,0,0,0,0,0,0,0,0,0,0,25,1,0,0,4,0,0,1,0,3,0,0,0,0,0,0,0,1,0,0,0,0,0,0,0,0,0,0,0,19,0,0,0,0,0,16,0,0,0,4,27,2,238.42424242424244,4.327272727272727,1.6153846153846154,1050.4848484848483,53256,18390.2,17444,6.99020979020979,0.004476946117324666,79579.4109090909,2.496774907014765
90044,0,0,1,0,0,0,0,0,0,5,0,0,0,1,2,0,1,1,0,1,1,23,0,0,0,4,0,0,0,2,1,0,0,0,0,0,0,0,1,0,0,0,0,0,0,0,0,1,0,0,16,0,3,0,0,0,22,1,0,0,4,24,6,311.0588235294117,4.123529411764705,1.3333333333333333,2407.3235294117653,96436,18774.4,29921,5.498039215686274,0.003225546720409512,77416.7905882353,2.351471015286858
91107,1,0,2,0,2,0,1,1,0,18,0,1,0,7,7,0,5,5,2,0,0,51,3,0,1,2,0,0,1,6,5,0,0,0,0,0,0,0,0,3,0,0,0,0,0,0,0,0,0,0,27,1,4,0,0,0,36,0,0,0,6,56,0,346.758064516129,4.2306451612903215,1.5918367346938775,9574.629032258064,32364,3933.1,13752,6.734496379196838,0.010714314192192839,16639.550483870964,2.127120658286274
90802,0,0,2,0,12,0,0,0,0,16,0,0,0,9,3,0,1,3,0,1,0,43,1,0,0,1,0,0,1,3,2,0,0,0,0,1,0,0,0,1,0,0,0,3,0,0,0,0,0,0,27,0,3,1,0,0,32,0,0,0,7,49,0,682.2142857142858,4.3875,1.9268292682926829,8155.142857142857,39453,6082.5,22796,8.453963414634146,0.017291822819919544,26686.96875,1.978035945568624
91316,0,1,1,0,0,0,0,0,0,2,0,0,0,0,2,0,0,0,0,1,0,4,0,1,0,1,0,0,0,0,0,0,0,0,0,0,0,0,0,0,0,0,0,0,0,0,0,0,0,0,1,0,0,1,0,0,4,0,0,0,0,4,0,137.25,4.2250000000000005,1.0,10726.5,29964,5984.2,12903,4.2250000000000005,0.004580496595915098,25283.245000000003,2.1933466227016747
91108,0,0,0,0,0,0,0,1,0,5,0,0,0,9,0,0,0,0,0,1,0,16,0,0,0,2,0,0,0,0,1,0,0,2,0,0,0,0,1,1,0,0,0,0,0,0,0,0,0,0,13,0,2,0,0,0,23,0,0,0,16,16,2,72.26470588235293,4.020588235294118,1.7,9801.823529411764,13538,3552.6,5171,6.835,0.00533791593162601,14283.541764705882,2.461500574040133
90056,0,0,0,0,0,0,0,0,0,1,0,0,0,0,0,0,0,0,0,0,0,1,0,0,0,0,0,0,0,0,0,0,0,0,0,0,0,0,0,0,0,0,0,0,0,0,0,0,0,0,1,0,0,0,0,0,1,0,0,0,0,1,0,766.0,3.7,1.0,2459.0,7795,4935.0,3540,3.7,0.09826812059012187,18259.5,2.385571734280459
90670,0,0,0,0,0,0,0,0,0,0,0,0,0,1,0,0,0,0,0,0,0,1,2,0,0,0,0,0,0,0,2,0,0,0,0,0,0,0,0,0,0,0,0,0,0,0,0,0,0,0,1,0,1,0,0,0,3,0,0,0,1,3,0,236.0,4.525,,7131.5,16578,1959.0,5038,,0.014235734105440946,8864.475,1.8569921937951022
90602,0,0,0,0,4,0,0,0,0,6,0,1,0,3,2,0,0,2,0,0,0,20,0,0,0,1,0,0,0,2,1,0,0,0,0,1,0,0,0,0,0,0,0,1,0,0,0,0,0,0,13,0,0,0,0,0,11,0,0,0,0,24,0,185.25,4.341666666666667,1.7142857142857142,6669.5,25981,7001.7,8081,7.442857142857143,0.007130210538470421,30399.0475,2.2904699208058594
91789,0,0,1,0,1,0,0,0,0,8,0,1,0,2,0,0,2,0,0,0,0,16,1,0,0,1,0,0,0,0,1,0,0,1,0,0,0,0,0,0,0,0,0,0,0,0,0,0,0,0,10,0,2,0,0,0,15,0,0,0,4,19,1,147.79166666666666,3.6666666666666665,1.6363636363636365,14821.041666666664,44474,2844.8,13948,6.0,0.003323102636746563,10430.933333333334,1.9627469695498725
90746,0,0,1,0,0,0,0,0,0,2,0,1,0,0,0,0,0,0,0,1,0,7,1,0,0,1,0,0,2,0,1,0,0,0,0,0,0,0,0,0,0,0,0,0,0,0,0,0,0,0,5,0,0,0,0,0,7,1,0,0,0,10,1,273.09090909090907,3.9454545454545458,1.5,7275.181818181818,26996,4628.3,8244,5.918181818181819,0.01011597677770444,18260.747272727276,1.6987576312007806
91214,0,0,1,0,0,1,0,0,0,9,0,2,0,1,2,0,0,2,4,1,0,32,1,0,0,2,0,1,2,2,5,0,0,0,0,1,0,0,3,3,0,0,0,0,0,0,0,0,0,0,19,0,0,0,0,0,26,0,0,0,0,43,2,120.66666666666669,4.215555555555556,1.6538461538461535,10211.066666666668,30654,4062.0,10893,6.9718803418803414,0.0039364085165611885,17123.58666666667,1.9847895303282965
91006,0,0,0,0,5,0,0,0,0,11,0,0,0,0,0,0,0,0,0,0,0,30,0,0,0,0,0,0,0,0,0,0,0,0,0,0,0,0,0,1,0,0,0,0,0,0,0,0,0,0,22,0,0,0,0,0,7,0,0,0,0,29,1,391.26666666666665,4.3533333333333335,1.807692307692308,8775.966666666667,33012,5225.0,11378,7.869487179487181,0.011852255745385516,22746.166666666668,2.2550103122540217
90031,0,0,0,0,0,0,1,1,0,1,0,1,0,6,2,0,0,2,1,0,1,12,3,0,0,2,0,0,0,2,3,0,0,0,0,0,0,0,1,0,0,0,0,0,0,0,1,1,0,0,6,0,3,0,0,0,20,2,0,0,2,22,1,189.92,4.416,1.5,1652.08,38535,11158.6,12281,6.6240000000000006,0.004928506552484754,49276.37760000001,2.3857817627482416
91801,0,0,2,0,4,0,0,0,0,14,0,1,0,5,9,0,2,5,1,0,0,48,3,0,0,5,0,0,0,6,3,0,0,0,0,1,0,0,1,3,0,0,0,1,0,0,0,0,0,0,28,0,3,0,0,0,30,2,0,0,0,53,2,367.2,4.069090909090908,1.4047619047619049,14834.872727272726,54479,12501.4,21137,5.7161038961038955,0.006740211824739808,50869.33309090908,2.335495084793249
90290,0,0,0,0,1,0,1,1,0,4,0,0,0,4,0,0,0,0,0,0,0,11,0,0,0,4,0,0,1,2,4,0,0,1,0,0,0,0,0,0,0,0,0,0,0,0,0,0,0,0,5,0,0,0,0,0,20,1,0,0,6,14,6,58.615384615384606,4.319230769230769,2.0,5453.307692307692,5371,267.9,2567,8.638461538461538,0.010913309367973302,1157.121923076923,2.128930897595279
91770,0,0,0,0,1,0,0,0,0,12,0,0,0,3,3,0,3,1,4,0,0,39,2,1,0,4,0,0,0,1,3,0,0,0,0,0,0,0,0,3,0,0,0,0,0,0,0,0,0,0,24,0,1,1,0,0,29,3,0,0,6,45,1,441.5961538461538,4.180769230769232,1.4594594594594594,14472.25,63425,9875.0,18014,6.101663201663203,0.006962493556896395,41285.09615384616,2.2801700029966065
90501,0,0,1,0,2,0,0,0,0,8,0,2,0,1,5,0,0,2,1,1,0,30,0,0,0,1,0,0,1,3,2,0,0,1,0,0,0,0,0,0,0,0,0,0,0,0,0,0,0,0,17,0,0,0,0,0,22,0,0,0,2,36,1,303.2564102564103,4.223076923076923,1.827586206896552,6216.3076923076915,42335,7527.8,15534,7.718037135278516,0.007163255232228895,31790.478461538463,2.175386986696593
90303,0,0,1,0,2,0,0,0,0,2,0,0,0,5,2,0,2,2,5,0,0,19,3,0,0,4,0,0,1,2,5,0,0,0,0,0,0,0,0,1,0,0,0,0,0,0,0,0,0,0,11,0,2,0,0,0,19,3,0,0,0,30,0,633.8666666666667,4.0299999999999985,1.5454545454545454,5600.4,24693,11088.8,7524,6.228181818181816,0.025669892952118686,44687.86399999998,2.1322850435261214
91501,0,0,0,0,1,0,0,0,0,0,0,0,0,6,0,0,1,0,3,0,0,5,0,0,0,0,0,0,0,1,4,0,0,0,0,0,0,0,0,0,0,0,0,0,0,0,0,0,0,0,5,0,2,0,0,0,13,0,0,0,5,10,3,199.94444444444446,3.1166666666666663,2.25,12447.5,20300,5116.8,8296,7.012499999999999,0.009849480021893816,15947.359999999999,2.304346757369637
90014,0,0,0,0,4,0,0,0,0,12,0,0,0,4,1,0,1,1,0,0,0,25,0,0,0,0,0,0,0,2,1,0,0,0,0,0,0,1,1,1,0,0,0,1,0,0,0,0,0,0,16,0,2,0,0,0,20,0,0,0,10,22,3,343.45714285714286,4.420000000000001,1.7777777777777777,724.2285714285713,8335,29433.5,6115,7.857777777777779,0.041206615819693204,130096.07000000002,2.7228970027829225
90028,0,0,1,0,8,0,0,0,0,22,0,0,0,7,6,0,3,4,3,0,1,49,2,0,0,3,0,0,1,6,6,0,0,0,0,1,0,1,0,1,0,0,0,4,0,0,0,0,0,0,26,0,4,2,0,0,51,2,0,0,5,63,1,828.5362318840581,4.221739130434783,2.1020408163265305,1864.2318840579708,30734,20162.9,19555,8.874267968056788,0.026958294783759294,85122.5039130435,2.8056072683042492
90260,0,0,0,0,0,0,0,0,0,0,0,0,0,1,1,0,0,0,0,0,0,5,1,0,0,0,0,0,0,0,2,0,0,0,0,0,0,0,0,0,0,0,0,0,0,0,0,0,0,0,4,0,0,0,0,0,4,0,0,0,0,7,1,424.0,3.6000000000000005,1.0,4860.875,35161,13119.5,11091,3.6000000000000005,0.01205881516452888,47230.200000000004,2.0976558760850827
90806,0,0,1,0,0,0,0,0,0,5,0,1,0,2,4,0,0,3,1,0,1,30,3,0,0,4,0,0,0,3,4,0,0,0,0,0,0,0,1,1,0,0,0,0,0,0,0,0,0,0,19,0,1,0,0,0,20,2,0,0,2,34,2,328.8684210526316,4.168421052631579,1.4347826086956519,8389.0,42817,12439.6,13323,5.9807780320366115,0.00768079083197402,51853.490526315785,2.1688992853875315
90094,0,0,0,0,0,0,0,0,0,1,0,0,0,0,0,0,0,0,1,0,0,2,0,0,0,0,0,0,0,0,0,0,0,0,0,0,0,0,0,0,0,0,0,0,0,0,1,0,0,0,1,0,0,0,0,0,2,0,0,0,1,1,2,10.5,3.0,,3688.5,9368,15366.1,4668,,0.0011208368915456874,46098.3,1.9027422843880786
90023,0,1,2,0,0,0,0,0,0,7,0,3,0,1,3,0,1,1,0,1,1,28,2,1,0,5,0,0,0,1,2,0,0,0,0,2,0,0,1,1,0,0,0,0,0,0,0,0,0,0,18,0,2,0,0,0,24,1,0,0,7,30,2,395.7179487179488,4.182051282051282,1.25,1253.8974358974358,46780,11074.4,12038,5.227564102564103,0.008459126736168209,46313.70871794872,2.252753426060104
91732,0,1,1,0,1,0,1,0,0,4,0,1,0,0,2,0,0,0,0,1,0,17,0,0,1,2,0,0,0,0,2,0,0,0,0,0,0,0,1,1,0,0,0,0,0,0,0,0,0,0,12,0,0,0,0,0,11,2,0,0,4,18,1,193.0,4.4,1.1428571428571428,13488.869565217392,63572,13770.4,16565,5.0285714285714285,0.003035927766941421,60589.76,2.1188945578031753
91746,0,0,0,0,0,0,0,0,0,0,0,1,0,0,0,0,0,0,2,0,0,2,0,0,0,2,0,0,0,1,0,0,0,0,0,0,0,0,0,0,0,0,0,0,0,0,0,0,0,0,0,0,0,0,0,0,6,0,0,0,3,1,2,61.0,2.5500000000000003,1.0,14063.333333333336,30708,5513.4,6908,2.5500000000000003,0.0019864530415526897,14059.17,1.8203464609637965
90247,0,0,3,0,1,0,0,0,0,8,0,3,0,4,3,1,3,1,3,0,0,26,2,0,0,1,0,0,0,2,3,0,0,0,0,1,0,0,1,2,0,0,0,0,0,0,0,1,0,0,20,0,1,0,0,0,24,0,0,0,3,34,1,358.7105263157895,4.2105263157894735,1.4615384615384617,4393.0,47531,12660.4,16647,6.153846153846154,0.007546875224922461,53306.947368421046,2.1199910513310467
90254,0,0,2,0,5,0,0,0,0,10,0,1,0,4,4,0,0,2,0,0,0,38,0,0,1,5,0,0,1,2,2,0,0,0,0,1,0,0,0,1,0,0,0,0,0,0,0,0,0,0,28,0,1,1,0,0,29,0,0,0,13,38,0,177.82352941176467,4.415686274509802,1.8,4745.254901960784,19650,13773.0,10049,7.948235294117643,0.009049543481514741,60817.247058823494,2.2919004633941458
90066,0,0,0,0,2,0,0,0,0,2,0,0,0,0,1,0,0,1,0,0,0,11,0,0,0,2,0,0,0,1,0,0,0,0,0,1,0,0,0,0,0,0,0,0,0,0,0,0,0,0,6,0,0,0,0,0,7,1,0,0,1,11,0,514.9166666666666,4.433333333333334,1.625,3382.166666666666,59394,12068.9,26218,7.2041666666666675,0.008669506459687285,53505.456666666665,2.538892679053115
90731,0,0,1,0,4,0,0,1,0,14,0,3,0,3,2,0,1,2,5,0,0,40,3,0,0,5,0,0,1,2,5,0,0,0,0,0,0,0,3,3,0,0,0,1,0,0,0,0,0,0,25,0,1,0,0,0,29,1,0,0,5,45,1,529.4313725490197,4.3058823529411745,1.7105263157894737,7806.568627450982,61850,6753.8,24571,7.365325077399377,0.00855992518268423,29081.068235294104,2.379656889448986
90813,0,0,1,0,0,0,0,0,0,1,0,0,0,1,0,0,0,0,0,0,0,16,0,0,0,0,0,0,0,0,0,0,0,0,0,0,0,0,0,1,0,0,0,0,0,0,0,0,0,0,16,0,0,0,0,0,3,0,0,0,3,13,1,315.5294117647058,4.270588235294119,1.3636363636363635,8548.588235294117,59000,18383.6,18179,5.823529411764707,0.005347956131605183,78508.78588235297,2.313749153540242
91001,0,0,0,0,0,0,0,0,0,4,0,0,0,0,0,0,0,0,0,0,0,13,0,0,0,0,0,0,0,0,0,0,0,0,0,0,0,0,0,1,0,0,0,0,0,0,0,0,0,0,11,0,0,0,0,0,3,0,0,0,1,12,0,229.84615384615384,4.530769230769231,1.1111111111111112,8714.846153846154,37711,4567.8,13785,5.034188034188034,0.00609493659266935,20695.64769230769,1.9544157393536925
91403,0,0,0,0,2,1,0,0,0,2,0,0,0,0,0,0,0,0,2,0,0,9,0,0,0,1,0,1,0,2,1,0,0,0,0,0,0,0,0,0,0,0,0,0,0,0,0,0,0,0,6,0,0,0,0,0,7,1,0,0,0,13,0,376.6153846153846,4.2,2.2,11608.615384615383,25218,6945.3,12025,9.240000000000002,0.014934387525393947,29170.260000000002,2.262672069875129
91325,0,0,0,0,0,0,0,0,0,3,0,1,0,1,3,0,1,1,2,1,0,12,1,0,0,2,0,0,1,1,2,0,0,0,0,1,0,0,1,0,0,0,0,0,0,0,0,0,0,0,4,0,0,0,0,0,13,0,0,0,3,14,1,210.38888888888889,3.733333333333333,1.5555555555555556,10919.055555555555,34635,7178.3,12475,5.807407407407407,0.0060744590411112714,26798.986666666664,2.2305302682831885
91741,0,0,0,0,0,0,0,2,0,6,0,0,0,7,2,0,0,3,0,1,0,19,2,0,0,1,0,0,1,3,4,0,0,2,0,1,0,0,0,0,0,0,0,0,0,0,0,1,0,0,11,0,1,0,0,0,26,0,0,0,6,28,1,123.77142857142857,4.1800000000000015,1.7692307692307692,13880.8,26565,1791.6,9320,7.395384615384618,0.004659191739937081,7488.888000000003,1.8252820920711683
91754,0,0,0,0,1,0,0,0,0,12,0,0,0,3,3,0,0,3,4,1,0,40,1,0,0,4,0,0,0,3,1,0,0,0,0,1,0,0,0,3,0,0,0,0,0,0,0,0,0,0,24,0,3,1,0,0,24,2,0,0,3,49,0,391.07692307692315,4.155769230769232,1.4878048780487805,13869.25,33058,7290.0,12163,6.182973733583492,0.01183002368797033,30295.557692307706,2.288025826701294
91411,0,0,0,0,0,0,0,0,0,3,0,0,0,2,1,0,2,1,2,0,0,13,4,0,0,2,0,0,1,1,7,0,0,0,0,0,0,0,0,1,0,0,0,0,0,0,0,1,0,0,8,0,0,0,0,0,13,1,0,0,3,19,0,366.45454545454544,4.254545454545455,1.5454545454545454,12423.727272727272,25801,12632.7,10115,6.575206611570248,0.014203114044205474,53746.39636363637,2.432765629851885
91436,0,0,0,0,0,0,0,0,0,1,0,0,0,0,0,0,0,0,0,0,0,1,0,0,0,0,0,0,0,0,0,0,0,0,0,0,0,0,0,0,0,0,0,0,0,0,0,0,0,0,0,0,0,0,0,0,1,0,0,0,0,1,0,318.0,4.2,2.0,10747.0,15070,2646.3,5970,8.4,0.021101526211015263,11114.460000000001,2.1063608987274693
93510,0,0,0,0,1,0,0,0,0,2,0,0,0,0,0,0,0,0,0,0,0,11,0,0,0,0,0,0,0,0,0,0,0,0,0,0,0,0,1,1,0,0,0,0,0,0,0,0,0,0,10,0,0,0,0,0,1,0,0,0,1,10,1,326.0833333333333,3.9416666666666655,1.5555555555555556,15220.166666666664,7626,106.0,2888,6.1314814814814795,0.04275941952967917,417.81666666666655,1.6549620352681835
90221,0,1,1,0,0,0,1,0,0,5,0,1,0,2,5,0,1,1,3,1,0,32,0,0,0,4,0,0,0,1,2,0,0,0,0,0,0,0,1,1,0,0,0,1,0,0,0,0,0,0,21,0,1,0,0,0,20,1,0,0,6,31,2,346.64102564102564,4.038461538461537,1.2857142857142858,3991.384615384615,52322,9813.4,12651,5.192307692307692,0.0066251486113112195,39631.03846153845,1.9172796249538837
90068,0,0,0,0,1,0,0,0,0,2,0,0,0,0,1,0,0,0,0,0,0,5,0,0,0,0,0,0,0,1,0,0,0,0,0,1,0,0,0,0,0,0,0,0,0,0,0,0,0,0,2,0,0,0,0,0,5,0,0,0,0,6,1,366.8571428571428,4.271428571428571,2.25,3372.285714285714,20982,2708.1,13972,9.610714285714286,0.017484374361697776,11567.455714285714,2.6384738323344865
91502,0,0,4,0,9,0,0,1,0,12,0,1,0,6,4,0,4,2,4,0,0,45,3,0,1,2,0,0,1,2,9,0,0,1,0,3,0,0,0,5,0,0,0,1,0,0,0,0,0,0,33,0,5,1,0,0,37,1,0,0,5,60,1,816.7424242424244,4.236363636363636,1.7083333333333333,12274.318181818182,11598,8640.3,5579,7.237121212121211,0.07042097122283363,36603.45272727272,2.5763558716396635
90025,0,0,0,0,3,0,0,0,0,1,0,0,0,1,0,0,0,0,1,0,0,16,1,0,0,1,0,0,1,0,3,0,0,0,0,0,0,0,0,1,0,0,0,0,0,0,0,0,0,0,14,0,0,0,0,0,6,1,0,0,2,18,0,481.75,4.420000000000001,1.6666666666666667,1399.3,47967,18669.5,23329,7.366666666666668,0.010043363145495861,82519.19000000002,2.274275883244565
90505,0,0,0,0,3,0,0,0,0,10,0,0,0,5,5,0,2,5,3,0,0,26,3,0,0,4,0,0,1,6,5,0,0,0,0,0,0,0,1,1,0,0,0,1,0,0,0,1,0,0,9,0,1,0,0,0,23,1,0,0,1,30,0,308.1290322580645,4.2,1.8846153846153848,6217.645161290324,37641,6496.9,14867,7.915384615384617,0.008185994852901477,27286.98,2.154026687147605
90019,0,0,5,0,0,1,0,0,0,14,0,0,0,1,2,0,1,2,2,0,0,36,4,0,0,4,0,1,1,3,4,0,0,0,0,0,0,0,1,3,0,0,0,0,0,0,0,1,0,0,23,0,0,0,0,0,24,1,0,0,2,40,0,565.7380952380953,4.269047619047618,1.6666666666666667,955.5238095238096,66245,17038.0,26383,7.115079365079364,0.008540087481894412,72736.03333333331,2.790246626595234
91302,0,0,0,0,1,0,0,1,0,2,0,0,0,1,2,0,0,1,0,0,0,16,1,0,0,2,0,0,0,1,1,0,0,0,0,1,0,0,0,0,0,0,0,0,0,0,0,0,0,0,11,0,1,0,0,0,9,0,0,0,0,20,0,194.25,4.29,2.2857142857142856,10540.3,26634,997.2,9872,9.805714285714286,0.007293309303897274,4277.988,2.230307018296505
91604,0,0,0,0,1,0,0,0,0,4,0,0,0,0,0,0,0,0,0,0,0,7,0,0,0,1,0,0,0,0,0,0,0,0,0,0,0,0,0,0,0,0,0,1,0,0,0,0,0,0,3,0,0,0,0,0,5,0,0,0,1,6,0,350.8571428571428,4.428571428571427,1.8,13061.571428571431,32117,6235.5,15756,7.971428571428569,0.010924343583060148,27614.357142857134,2.3528147117990286
90274,0,0,2,0,0,0,1,0,0,8,0,0,0,5,2,0,1,2,1,1,0,28,1,0,0,2,0,0,1,2,2,0,0,3,0,0,0,0,1,1,0,0,0,0,0,0,0,0,0,0,19,0,2,0,0,0,25,0,0,0,5,35,0,93.65,4.4325,1.88,5164.35,25279,2111.8,10144,8.3331,0.0037046560386091226,9360.553500000002,2.2524280855102816
90230,0,0,0,0,5,0,0,0,0,8,0,0,0,8,1,0,4,1,2,0,1,24,3,0,0,2,0,0,1,2,5,0,0,2,0,1,0,0,0,1,0,0,0,0,0,0,0,0,0,0,15,0,4,1,0,0,23,1,0,0,1,37,0,884.5,4.276315789473681,1.827586206896552,3994.263157894737,32808,7275.7,13782,7.81533575317604,0.02695988783223604,31113.19078947366,2.1548961318762876
90245,0,0,3,0,7,0,1,0,0,16,0,0,0,4,2,0,1,1,2,1,0,40,4,0,0,3,0,0,0,2,5,0,0,0,0,0,0,0,1,1,0,0,0,0,0,0,0,0,0,0,23,0,2,2,0,0,31,2,0,1,4,49,0,446.90566037735846,4.362264150943397,1.875,4446.8490566037735,16850,3084.4,6975,8.179245283018869,0.02652259112031801,13454.967547169814,2.2837575702650605
90069,0,0,2,0,7,0,0,2,0,14,0,0,0,10,1,0,0,1,0,1,2,36,1,0,1,2,1,0,1,3,3,0,0,2,0,1,0,0,0,0,0,0,0,2,0,0,0,1,0,0,23,0,4,1,1,0,30,1,0,0,8,42,0,360.38,4.302,2.6875,3409.3,20435,9665.6,14534,11.561625,0.01763542941032542,41581.411199999995,2.2054766711054623
90034,0,0,1,0,1,0,0,0,0,9,0,0,0,3,5,0,2,4,0,0,1,27,2,0,1,5,0,0,0,6,2,0,0,0,0,1,0,0,0,1,0,0,0,0,0,0,0,1,0,0,10,0,2,0,0,0,23,2,0,0,2,31,0,299.6666666666667,4.148484848484848,1.6956521739130437,1766.3939393939395,55652,17884.1,27712,7.034387351778657,0.005384652243704929,74191.91787878788,2.5355685645902284
91607,1,1,0,0,0,0,0,0,0,2,0,0,0,0,2,0,0,0,1,1,0,14,1,1,0,0,0,0,0,1,1,0,0,0,0,0,0,0,2,0,0,0,0,0,0,0,0,0,0,0,11,0,0,0,0,0,10,0,0,0,1,20,0,137.66666666666666,4.342857142857143,1.5,13231.095238095239,30873,12655.4,14443,6.514285714285715,0.004459128256621211,54960.594285714295,2.5070975411984966
91602,0,0,0,0,1,0,1,0,0,3,0,2,0,0,1,0,0,1,0,0,0,15,1,0,0,1,0,0,1,1,1,0,0,0,0,0,0,0,1,1,0,0,0,0,0,0,0,0,0,0,10,0,0,0,0,0,11,1,0,0,3,18,0,273.8095238095238,4.2904761904761894,1.9285714285714288,12991.0,19358,9450.6,10302,8.274489795918367,0.01414451512602148,40547.574285714276,2.185143808326574
91207,0,0,0,0,1,0,0,0,0,2,0,0,0,1,1,0,0,1,3,0,1,7,0,0,0,2,0,0,0,3,2,0,0,0,0,1,0,0,1,0,0,0,0,0,0,0,0,0,0,0,2,0,0,0,0,0,17,1,0,0,2,9,7,97.77777777777777,2.777777777777777,1.6,10134.0,11371,2501.4,4374,4.444444444444443,0.00859887237514535,6948.333333333331,2.458359208803788
91775,0,0,0,0,1,0,0,0,0,4,0,0,0,2,3,0,0,2,3,0,0,20,0,0,0,2,0,0,0,4,2,0,0,1,0,1,0,0,0,0,0,0,0,0,0,0,0,1,0,0,13,0,0,1,0,0,21,0,0,0,4,27,3,152.58823529411762,4.038235294117647,1.5333333333333334,14671.14705882353,25192,8211.4,8664,6.191960784313726,0.006057011562961163,33159.565294117645,2.221829846320233
90805,0,1,3,0,0,0,0,0,0,7,0,3,0,2,2,0,3,2,5,2,0,35,1,0,0,5,0,0,0,2,3,0,0,1,0,1,0,0,0,1,0,0,0,0,0,0,0,0,0,0,24,0,1,0,0,0,23,2,0,0,5,39,0,358.4318181818182,4.220454545454547,1.3571428571428572,8194.295454545454,96708,13126.3,28113,5.727759740259742,0.003706330584665366,55398.952500000014,2.0273163714710947
90603,0,0,0,0,0,0,0,0,0,1,0,0,0,0,0,0,0,0,0,0,0,1,0,0,0,0,0,0,0,0,0,0,0,0,0,0,0,0,0,0,0,0,0,0,0,0,0,0,0,0,0,0,0,0,0,0,0,0,0,0,0,1,0,73.0,4.8,1.0,6747.0,21299,6514.8,6863,4.8,0.00342739095732194,31271.04,1.7813744723986533
90016,0,0,0,0,0,0,0,1,0,8,0,1,0,3,3,0,1,3,4,0,0,34,3,0,0,7,0,0,0,3,3,0,0,0,0,2,0,0,2,1,0,0,0,0,0,0,0,0,0,0,17,0,1,0,0,0,29,2,0,0,3,41,0,315.1818181818182,4.200000000000001,1.7407407407407407,718.7272727272727,46581,12842.6,18331,7.311111111111113,0.00676631712891132,53938.92000000001,2.419510863274311
91765,0,1,0,0,3,1,0,0,0,10,0,3,0,3,5,0,3,1,1,2,0,36,1,1,0,6,0,0,1,2,2,0,0,0,0,1,0,0,1,2,0,0,0,0,0,0,0,0,0,0,18,0,2,0,0,0,29,4,0,0,1,43,1,195.88888888888889,4.133333333333334,1.5172413793103448,14376.466666666667,47139,2491.7,15499,6.271264367816093,0.00415555885548885,10299.026666666667,1.881814823129158
91506,0,0,0,0,2,0,0,0,0,5,0,1,0,1,2,0,1,1,1,1,0,30,1,0,0,4,0,0,0,1,5,0,0,0,0,1,0,0,0,0,0,0,0,0,0,0,1,0,0,0,21,0,0,0,0,0,24,1,0,0,4,38,1,333.6744186046512,4.274418604651161,1.619047619047619,12647.627906976742,18575,7588.2,7769,6.920487264673309,0.017963629534570723,32435.14325581394,2.151361342991513
90660,0,1,4,0,1,1,0,0,0,11,0,2,0,5,3,0,4,3,4,1,1,39,3,0,0,5,0,1,1,3,3,0,0,0,0,1,0,0,0,1,0,0,0,0,0,0,0,0,0,0,26,0,1,1,0,0,29,3,0,0,1,50,0,723.1764705882354,4.27843137254902,1.6176470588235294,7078.921568627451,63380,8178.4,17229,6.920991926182239,0.011410168358918197,34990.72313725491,1.8446846463400997
90045,0,0,2,0,3,0,0,3,0,19,0,0,0,5,2,0,3,2,3,0,0,45,3,0,0,4,0,0,0,2,3,0,0,1,0,0,0,0,1,2,0,0,0,0,0,0,0,0,0,0,24,0,3,0,0,0,39,0,0,0,4,50,5,607.5084745762713,4.023728813559321,1.6304347826086956,2630.9661016949153,41149,3834.5,16897,6.5604274134119365,0.014763626687799734,15428.988135593218,2.2448407755877575
90003,0,0,2,0,0,0,0,0,0,6,0,2,0,0,4,0,0,0,0,1,0,33,1,0,0,4,0,0,0,0,1,0,0,0,0,3,0,0,0,1,0,0,0,0,0,0,0,0,0,0,24,0,0,0,0,0,21,0,0,0,1,39,3,292.88372093023264,4.183720930232559,1.2857142857142858,143.58139534883722,72741,20483.3,18137,5.3790697674418615,0.004026391181455199,85696.41093023257,2.1750911138286275
90723,0,0,0,0,1,0,0,0,0,6,0,0,0,1,2,0,0,1,0,0,0,20,0,0,1,0,0,0,1,1,2,0,0,0,0,0,0,0,1,1,0,0,0,0,0,0,0,0,0,0,13,0,0,0,0,0,13,0,0,0,1,22,1,376.79166666666674,4.312500000000001,1.625,7436.125,54776,11692.7,15041,7.007812500000002,0.006878772941921038,50424.76875000001,1.8086315369624808
91210,0,0,2,1,5,0,1,1,0,7,0,0,0,17,0,0,5,0,4,1,0,24,4,0,0,1,0,0,0,0,6,0,0,3,0,0,0,0,1,4,0,0,0,1,0,0,0,0,0,0,18,0,9,1,0,0,29,0,0,0,1,44,1,676.9130434782609,4.284782608695652,2.096774193548387,10199.826086956522,689,15652.6,371,8.98422159887798,0.9824572474285354,67067.98826086956,1.1556778153426757
90249,0,0,0,0,0,0,0,0,0,2,0,0,0,0,1,0,0,0,0,0,0,10,4,0,0,2,0,0,0,0,4,0,0,0,0,0,0,0,0,0,0,0,0,0,0,0,0,0,0,0,7,0,1,0,0,0,10,1,0,0,3,11,1,279.1333333333333,4.233333333333333,1.0,4489.733333333334,26587,8928.2,8993,4.233333333333333,0.010498865360263787,37796.04666666667,2.0254751513823184
90755,0,0,0,0,2,0,0,0,0,3,0,1,0,2,1,0,2,0,4,0,0,24,4,0,3,4,0,0,3,0,8,0,0,0,0,1,0,0,1,2,0,0,0,0,0,0,0,0,0,0,16,0,1,0,0,0,24,1,0,0,3,35,0,606.0526315789474,4.16842105263158,1.6129032258064515,8115.578947368421,11555,5302.8,4776,6.7232597623090005,0.05244938395317589,22104.303157894745,1.8646481565801647
91205,0,0,0,0,0,0,0,0,0,3,0,2,0,1,5,0,1,1,0,0,1,21,0,0,0,1,0,0,0,1,2,0,0,0,0,0,0,0,0,0,0,0,0,0,0,0,0,0,0,0,12,0,0,0,0,0,13,0,0,0,1,25,1,299.4814814814815,4.307407407407409,1.3333333333333333,9873.592592592591,37618,19893.9,15074,5.743209876543212,0.007961121842774244,85691.13222222225,2.521859990420082
91744,0,0,2,0,1,0,0,0,0,5,0,1,0,5,5,0,1,3,0,0,0,23,2,0,0,1,0,0,1,3,2,0,0,0,0,0,0,0,0,0,0,0,0,0,0,0,0,0,0,0,15,0,2,0,0,0,17,1,0,0,1,29,0,339.1333333333333,4.343333333333334,1.368421052631579,13953.966666666667,87240,9925.4,19464,5.943508771929825,0.00388736053797952,43109.32066666667,1.7730576570985694
90242,0,0,1,0,2,1,0,0,0,4,0,0,0,3,1,0,2,1,1,0,0,20,0,0,0,1,0,1,0,2,1,0,0,1,0,0,0,0,0,2,0,0,0,1,0,0,0,1,0,0,16,0,0,0,0,0,13,1,0,0,0,26,0,687.2692307692308,4.226923076923078,1.681818181818182,4378.961538461538,42553,9349.5,12693,7.108916083916086,0.016150899602125134,39519.617307692315,1.977364245919022
90704,0,0,2,0,9,0,0,0,1,2,0,0,0,7,0,0,0,0,0,0,0,28,0,0,0,2,0,0,2,0,1,0,0,0,0,1,0,0,0,1,0,0,0,1,0,0,0,0,0,0,24,0,0,0,0,0,27,1,0,0,11,32,4,198.17021276595744,4.059574468085106,2.0,7263.234042553191,3922,52.4,2495,8.119148936170212,0.050527846192238005,212.72170212765957,2.3254079540997563
90005,0,0,1,0,0,0,0,0,0,7,0,0,0,2,0,0,1,0,2,0,0,18,1,0,0,2,0,0,0,0,1,0,0,0,0,0,0,0,0,0,0,0,0,0,0,0,0,0,0,0,12,0,1,0,0,0,11,1,0,0,0,22,0,409.1363636363636,4.304545454545455,1.7142857142857142,541.1363636363636,39479,36419.6,17818,7.379220779220779,0.010363392275294805,156769.82363636364,3.039185302712889
90032,0,1,1,0,1,0,0,0,0,4,0,0,0,1,0,0,1,0,1,1,2,27,3,0,0,3,0,0,0,0,4,0,0,0,0,0,0,0,1,1,0,0,0,0,0,0,0,0,0,0,20,0,0,0,0,0,23,1,0,0,8,31,3,188.33333333333331,3.9047619047619047,1.2105263157894737,1736.595238095238,47627,9990.3,14172,4.726817042606516,0.003954339625282578,39009.74285714285,2.217285631870624
90262,0,1,1,0,0,0,0,0,0,5,0,2,0,2,4,0,1,2,1,1,0,16,1,0,0,0,0,0,0,2,3,0,0,1,0,0,0,0,0,1,0,0,0,0,0,0,0,0,0,0,10,0,1,0,0,0,13,0,0,0,0,18,3,342.61904761904765,4.114285714285715,1.4166666666666667,4422.714285714285,70936,14677.3,15851,5.828571428571429,0.00482997416853287,60386.60571428572,2.009782942789398
91722,0,0,2,0,0,0,0,0,0,9,0,1,0,2,5,0,2,2,2,0,0,32,4,0,0,2,0,0,2,2,7,0,0,0,0,0,0,0,3,1,0,0,0,0,0,0,0,0,0,0,22,0,0,1,0,0,28,1,0,0,3,37,4,376.52272727272725,4.152272727272728,1.4333333333333331,13456.386363636364,35708,8644.1,10290,5.95159090909091,0.010544492194262553,35892.66068181819,1.6893147617929631
91203,0,0,5,0,2,0,0,0,0,15,0,0,0,3,3,0,1,2,0,2,1,44,3,0,0,5,0,0,0,2,3,0,0,1,0,0,0,0,0,2,0,0,0,0,0,0,0,0,0,0,27,0,1,0,0,0,33,2,0,0,6,44,4,478.2962962962963,4.090740740740742,1.7419354838709675,9932.74074074074,15000,18325.4,6081,7.125806451612904,0.03188641975308642,74964.46037037039,2.1826844770474083
91306,0,0,0,0,1,0,0,0,0,0,0,0,0,0,0,0,0,0,0,1,0,5,0,0,0,2,0,0,0,0,0,0,0,0,0,0,0,0,0,0,0,0,0,0,0,0,0,0,0,0,3,0,0,0,0,0,5,1,0,0,0,8,0,85.0,4.2125,2.0,10654.25,49158,11878.8,15039,8.425,0.001729118353065625,50039.445,1.9451036490005431
91208,0,0,1,0,3,0,0,0,0,3,0,0,0,0,0,0,0,0,0,0,0,17,0,0,0,0,0,0,0,0,0,0,0,0,0,0,0,0,1,1,0,0,0,1,0,0,0,0,0,0,14,0,0,0,0,0,3,0,0,0,4,13,0,130.64705882352942,4.394117647058824,1.7142857142857142,10096.823529411764,16049,2325.3,6127,7.532773109243697,0.008140510861955849,10217.641764705884,2.131487345478921
90057,0,0,2,0,0,0,0,0,0,5,0,1,0,1,2,0,1,0,1,0,0,28,1,0,0,4,0,0,0,0,1,0,0,0,0,0,0,0,1,2,0,0,0,0,0,0,0,0,0,0,18,0,1,0,0,0,18,2,0,0,2,30,2,345.7058823529412,4.223529411764705,1.3333333333333333,2672.205882352941,49492,55884.9,18262,5.6313725490196065,0.006985086122058943,236031.51882352936,2.525817237885279
91706,0,0,3,0,0,0,0,0,0,8,0,0,0,1,2,0,2,2,3,1,0,24,2,0,0,4,0,0,1,2,4,0,0,0,0,0,0,0,1,1,0,0,0,0,0,0,0,0,0,0,15,0,0,0,0,0,18,2,0,0,1,28,0,436.89655172413785,4.237931034482758,1.380952380952381,13358.37931034483,77342,5757.3,19150,5.852380952380951,0.005648891310337693,24399.040344827583,1.8125465094711335
91748,0,0,1,0,0,0,0,0,0,4,0,1,0,2,1,0,1,0,0,0,0,12,2,0,0,2,0,0,0,0,2,0,0,1,0,0,0,0,0,0,0,0,0,0,0,0,0,0,0,0,7,0,1,0,0,0,9,1,0,0,0,16,0,431.0625,4.2250000000000005,1.6,14120.75,47084,3254.6,14182,6.760000000000002,0.00915518010364455,13750.685000000001,2.150123127331121
91335,0,0,0,0,0,0,0,0,0,1,0,1,0,0,4,0,0,1,0,0,0,17,1,0,0,0,0,0,1,1,2,0,0,0,0,0,0,0,3,0,0,0,0,0,0,0,0,0,0,0,12,0,0,0,0,0,8,0,0,0,3,17,0,205.9,4.155,1.3,11043.55,80524,12266.5,25052,5.4015,0.0025570016392628286,50967.3075,2.028281531435546
90601,0,0,2,0,6,0,1,0,0,9,0,0,0,3,1,0,0,1,1,1,1,26,0,0,0,0,0,0,0,2,0,0,0,1,0,1,0,0,2,0,0,0,0,1,0,0,0,0,0,0,18,0,1,0,0,0,17,0,0,0,3,27,1,237.8709677419355,4.267741935483873,1.6666666666666667,6640.967741935483,33058,2913.4,11513,7.112903225806455,0.0071955643941537745,12433.639354838715,1.9079500048621918
91768,0,0,2,0,1,0,0,0,0,8,0,1,0,1,5,0,0,1,1,3,1,39,0,0,0,6,0,0,0,2,1,0,0,0,0,0,0,0,0,1,0,0,0,0,0,0,0,0,0,0,23,0,0,0,0,0,24,1,0,0,8,37,1,296.0434782608696,4.119565217391305,1.3333333333333333,14482.32608695652,35389,4091.4,8312,5.492753623188406,0.008365409541407489,16854.789130434783,1.9441126608609336
91201,0,0,0,0,3,0,0,1,0,10,0,0,0,1,3,0,0,0,3,0,1,35,2,1,0,4,0,0,0,0,6,0,0,0,0,2,0,0,2,1,0,0,0,1,0,0,0,0,0,0,22,1,1,0,0,0,25,3,0,0,10,35,3,117.83333333333331,4.16875,1.5652173913043481,9864.458333333334,23619,10032.1,8600,6.525000000000001,0.0049889213486317505,41821.316875000004,2.504189457309721
90012,0,0,1,0,2,0,0,1,0,9,0,0,0,5,2,0,0,2,0,0,0,26,0,0,0,1,0,0,0,2,2,0,0,0,0,0,0,0,0,0,0,0,0,0,0,0,0,0,0,0,15,0,0,0,0,0,21,1,0,0,10,24,0,755.5588235294118,4.429411764705883,2.238095238095238,607.4411764705882,35913,11099.6,13452,9.91344537815126,0.02103858835322618,49164.69882352942,2.4611696222706154
91352,0,0,0,0,0,0,0,0,0,3,0,2,0,0,4,0,1,1,0,1,0,27,2,0,0,1,0,0,0,2,2,0,0,0,0,1,0,0,2,0,0,0,0,0,0,0,0,0,0,0,19,0,0,0,0,0,18,0,0,0,4,31,2,212.8108108108108,4.159459459459458,1.4,11483.432432432432,47438,4065.6,13081,5.823243243243241,0.0044860831150303725,16910.698378378373,2.108651713830826
91301,0,0,2,0,2,0,0,0,0,3,0,0,0,1,2,0,0,1,0,1,0,16,0,0,0,4,0,0,0,1,0,0,0,0,0,1,0,0,0,1,0,0,0,0,0,0,1,0,0,0,9,0,0,1,0,0,13,0,0,0,0,19,0,151.1578947368421,4.457894736842103,1.9,10479.157894736842,25631,751.6,9736,8.469999999999995,0.005897463803083848,3350.553684210525,1.8641944776892048
93543,0,1,0,0,0,0,0,0,0,1,0,0,0,0,0,0,0,0,0,1,0,9,0,0,0,0,0,0,0,0,1,0,0,0,0,1,0,1,1,1,0,0,0,0,0,0,0,0,0,0,9,0,0,0,0,0,5,0,0,0,1,10,1,469.25,4.108333333333333,1.0,15556.833333333336,15135,254.8,3997,4.108333333333333,0.03100429468120251,1046.8033333333333,1.58689576086065
